"ID","Pred"
"2022_1103_1104",0.156239971683408
"2022_1103_1112",0.0500910483213204
"2022_1103_1116",0.175676095766486
"2022_1103_1120",0.115146734960911
"2022_1103_1124",0.069540567077796
"2022_1103_1129",0.214304387818393
"2022_1103_1136",0.642584274006208
"2022_1103_1151",0.302424091251005
"2022_1103_1159",0.511815726990578
"2022_1103_1161",0.267355878095186
"2022_1103_1163",0.121739594281698
"2022_1103_1166",0.289921489328649
"2022_1103_1168",0.50935553224451
"2022_1103_1172",0.288821873428006
"2022_1103_1174",0.544511447834774
"2022_1103_1181",0.0937662606299777
"2022_1103_1209",0.555243753169252
"2022_1103_1211",0.0473793796583152
"2022_1103_1222",0.0578676617116526
"2022_1103_1228",0.130881665425761
"2022_1103_1231",0.2616250458263
"2022_1103_1234",0.093432618540094
"2022_1103_1235",0.304712273411082
"2022_1103_1240",0.557708699803525
"2022_1103_1242",0.0816954630363658
"2022_1103_1246",0.0658476569762059
"2022_1103_1255",0.493166070954478
"2022_1103_1260",0.179890335636886
"2022_1103_1261",0.122179089965667
"2022_1103_1266",0.311150305374398
"2022_1103_1272",0.158126058428249
"2022_1103_1274",0.340152002338597
"2022_1103_1276",0.213834330977214
"2022_1103_1277",0.213489507874504
"2022_1103_1286",0.53448908610613
"2022_1103_1293",0.173540961479071
"2022_1103_1308",0.334950077339824
"2022_1103_1313",0.619048230065909
"2022_1103_1314",0.22659600855185
"2022_1103_1323",0.351488844234505
"2022_1103_1326",0.211040929272217
"2022_1103_1344",0.261827247963381
"2022_1103_1345",0.0831085483269258
"2022_1103_1350",0.404832350555959
"2022_1103_1353",0.347428534207833
"2022_1103_1355",0.329170024522613
"2022_1103_1361",0.191984234304559
"2022_1103_1362",0.188678361977641
"2022_1103_1371",0.216209785379781
"2022_1103_1388",0.18976239253997
"2022_1103_1389",0.51110795270702
"2022_1103_1394",0.724183961150025
"2022_1103_1395",0.208111889056409
"2022_1103_1397",0.0856103566904071
"2022_1103_1400",0.136395180748168
"2022_1103_1403",0.103424364975351
"2022_1103_1411",0.624562703986508
"2022_1103_1412",0.23228820195525
"2022_1103_1417",0.100190890637354
"2022_1103_1425",0.222644774655088
"2022_1103_1436",0.303515630642229
"2022_1103_1437",0.10357668719563
"2022_1103_1439",0.196367117634231
"2022_1103_1458",0.269395330306597
"2022_1103_1460",0.603945248503877
"2022_1103_1461",0.312024569275989
"2022_1103_1463",0.58623839749153
"2022_1104_1112",0.165080500144577
"2022_1104_1116",0.444158954422842
"2022_1104_1120",0.327923282148922
"2022_1104_1124",0.218890036445388
"2022_1104_1129",0.505612181127654
"2022_1104_1136",0.870819055138818
"2022_1104_1151",0.619126123004752
"2022_1104_1159",0.797201315638732
"2022_1104_1161",0.577749664492432
"2022_1104_1163",0.341990343961285
"2022_1104_1166",0.604883773335423
"2022_1104_1168",0.795604968659747
"2022_1104_1172",0.60360503325116
"2022_1104_1174",0.817595374890406
"2022_1104_1181",0.279514640871662
"2022_1104_1209",0.823973321346816
"2022_1104_1211",0.157173890821116
"2022_1104_1222",0.18719120796095
"2022_1104_1228",0.360876030808905
"2022_1104_1231",0.570546777997033
"2022_1104_1234",0.278723341928144
"2022_1104_1235",0.621675028797086
"2022_1104_1240",0.825417197864455
"2022_1104_1242",0.250131915809029
"2022_1104_1246",0.20904790927762
"2022_1104_1255",0.784871473123934
"2022_1104_1260",0.451287775400641
"2022_1104_1261",0.342914515437342
"2022_1104_1266",0.628753900375678
"2022_1104_1272",0.413233052757833
"2022_1104_1274",0.659036801220653
"2022_1104_1276",0.504913782134079
"2022_1104_1277",0.504400729068702
"2022_1104_1286",0.811501703265127
"2022_1104_1293",0.440504468998733
"2022_1104_1308",0.653790104626623
"2022_1104_1313",0.859014911588788
"2022_1104_1314",0.523479952381532
"2022_1104_1323",0.670206796134243
"2022_1104_1326",0.500739847742873
"2022_1104_1344",0.570803165103804
"2022_1104_1345",0.253653694086142
"2022_1104_1350",0.718341886344655
"2022_1104_1353",0.666247177637639
"2022_1104_1355",0.647867902570957
"2022_1104_1361",0.471145453677523
"2022_1104_1362",0.465803706523108
"2022_1104_1371",0.508431577972889
"2022_1104_1388",0.467562353731362
"2022_1104_1389",0.796742981996777
"2022_1104_1394",0.907789044748397
"2022_1104_1395",0.496319441719483
"2022_1104_1397",0.259834527784242
"2022_1104_1400",0.371932065052585
"2022_1104_1403",0.301930810029692
"2022_1104_1411",0.861831045878019
"2022_1104_1412",0.531504756085835
"2022_1104_1417",0.294529950127945
"2022_1104_1425",0.517817923527729
"2022_1104_1436",0.620344217001026
"2022_1104_1437",0.302276922921194
"2022_1104_1439",0.478130250437827
"2022_1104_1458",0.580281521327576
"2022_1104_1460",0.851137778626163
"2022_1104_1461",0.629704785772261
"2022_1104_1463",0.841583594622822
"2022_1112_1116",0.722206863007152
"2022_1112_1120",0.613522179378503
"2022_1112_1124",0.476913501292821
"2022_1112_1129",0.768913150679426
"2022_1112_1136",0.956393151595657
"2022_1112_1151",0.840985023575781
"2022_1112_1159",0.927481301901851
"2022_1112_1161",0.816569632707781
"2022_1112_1163",0.628385695787968
"2022_1112_1166",0.832798369897385
"2022_1112_1168",0.926816322263917
"2022_1112_1172",0.83205244385723
"2022_1112_1174",0.935828609824631
"2022_1112_1181",0.557954432362228
"2022_1112_1209",0.938383980492015
"2022_1112_1211",0.377617486029476
"2022_1112_1222",0.428339164116734
"2022_1112_1228",0.647523424158721
"2022_1112_1231",0.812115793819617
"2022_1112_1234",0.556984252976466
"2022_1112_1235",0.842427070915673
"2022_1112_1240",0.938958914864678
"2022_1112_1242",0.520445065188621
"2022_1112_1246",0.462336680085752
"2022_1112_1255",0.922300270950613
"2022_1112_1260",0.727953832269633
"2022_1112_1261",0.62934358361827
"2022_1112_1266",0.846396001882411
"2022_1112_1272",0.696168563072165
"2022_1112_1274",0.862799570841187
"2022_1112_1276",0.768416340551422
"2022_1112_1277",0.768050910999516
"2022_1112_1286",0.933362878585736
"2022_1112_1293",0.719224836566532
"2022_1112_1308",0.86002238255571
"2022_1112_1313",0.951977278280566
"2022_1112_1314",0.781379515176209
"2022_1112_1323",0.868624952875938
"2022_1112_1326",0.765431871479981
"2022_1112_1344",0.812275413900252
"2022_1112_1345",0.52510760574339
"2022_1112_1350",0.892447289499428
"2022_1112_1353",0.866573344463406
"2022_1112_1355",0.856855561695968
"2022_1112_1361",0.743490097641868
"2022_1112_1362",0.739377516114671
"2022_1112_1371",0.770911335218992
"2022_1112_1388",0.740736812394376
"2022_1112_1389",0.927290552058675
"2022_1112_1394",0.969724342016885
"2022_1112_1395",0.762242273092962
"2022_1112_1397",0.533177669689876
"2022_1112_1400",0.658315752673555
"2022_1112_1403",0.584582628618956
"2022_1112_1411",0.953038033183349
"2022_1112_1412",0.786829781558608
"2022_1112_1417",0.575969940504838
"2022_1112_1425",0.77747925582988
"2022_1112_1436",0.841675023983187
"2022_1112_1437",0.584981231927027
"2022_1112_1439",0.748795750318057
"2022_1112_1458",0.818120300638427
"2022_1112_1460",0.948985691796037
"2022_1112_1461",0.846925149485936
"2022_1112_1463",0.945307984406031
"2022_1116_1120",0.404464533845099
"2022_1116_1124",0.280607435570244
"2022_1116_1129",0.5873801677371
"2022_1116_1136",0.903690157789917
"2022_1116_1151",0.693500670323163
"2022_1116_1159",0.845481097501269
"2022_1116_1161",0.655710891203799
"2022_1116_1163",0.419764264840897
"2022_1116_1166",0.680604729987673
"2022_1116_1168",0.844190512075604
"2022_1116_1172",0.679441180372917
"2022_1116_1174",0.861861294081088
"2022_1116_1181",0.350652001073458
"2022_1116_1209",0.866943332766372
"2022_1116_1211",0.206081030155492
"2022_1116_1222",0.242748523531853
"2022_1116_1228",0.440072450933066
"2022_1116_1231",0.64903001572497
"2022_1116_1234",0.349757077181237
"2022_1116_1235",0.695796400702397
"2022_1116_1240",0.868091169251004
"2022_1116_1242",0.317082311591033
"2022_1116_1246",0.268945743075256
"2022_1116_1255",0.835480822290444
"2022_1116_1260",0.533755331685634
"2022_1116_1261",0.420764213476468
"2022_1116_1266",0.702152846423516
"2022_1116_1272",0.49502014733981
"2022_1116_1274",0.729028810626725
"2022_1116_1276",0.586702858622124
"2022_1116_1277",0.586205101206064
"2022_1116_1286",0.856987762675129
"2022_1116_1293",0.522879254503913
"2022_1116_1308",0.724408758127724
"2022_1116_1313",0.894525866238801
"2022_1116_1314",0.604603750776461
"2022_1116_1323",0.738814585476457
"2022_1116_1326",0.582648504618189
"2022_1116_1344",0.649268350905528
"2022_1116_1345",0.321143029404621
"2022_1116_1350",0.780219774489792
"2022_1116_1353",0.735353428452067
"2022_1116_1355",0.719175674429116
"2022_1116_1361",0.553580812885947
"2022_1116_1362",0.548273384275421
"2022_1116_1371",0.590111282487864
"2022_1116_1388",0.550022806736755
"2022_1116_1389",0.845110678241157
"2022_1116_1394",0.931987570314032
"2022_1116_1395",0.578342632267951
"2022_1116_1397",0.328245122703805
"2022_1116_1400",0.451839475360763
"2022_1116_1403",0.37579749622129
"2022_1116_1411",0.896717963816598
"2022_1116_1412",0.612274267817882
"2022_1116_1417",0.367539330848588
"2022_1116_1425",0.599167560365053
"2022_1116_1436",0.694598234900819
"2022_1116_1437",0.376182653921584
"2022_1116_1439",0.560492498359933
"2022_1116_1458",0.658051958352972
"2022_1116_1460",0.888374983954308
"2022_1116_1461",0.70300453508368
"2022_1116_1463",0.880876244279095
"2022_1120_1124",0.379931895477187
"2022_1120_1129",0.690991516394993
"2022_1120_1136",0.936465479035597
"2022_1120_1151",0.780425870549274
"2022_1120_1159",0.89578110201662
"2022_1120_1161",0.749481988489552
"2022_1120_1163",0.531924522364976
"2022_1120_1166",0.769974196338134
"2022_1120_1168",0.894858391508692
"2022_1120_1172",0.769025729855673
"2022_1120_1174",0.907413027304703
"2022_1120_1181",0.458952272248328
"2022_1120_1209",0.910992313863002
"2022_1120_1211",0.289647072770042
"2022_1120_1222",0.334910975966785
"2022_1120_1228",0.552492163766697
"2022_1120_1231",0.743910070643176
"2022_1120_1234",0.457975889095528
"2022_1120_1235",0.782274925226839
"2022_1120_1240",0.911798814249195
"2022_1120_1242",0.42174850401818
"2022_1120_1246",0.36624387248856
"2022_1120_1255",0.888607286591994
"2022_1120_1260",0.642639822851102
"2022_1120_1261",0.532946246662728
"2022_1120_1266",0.787376558815419
"2022_1120_1272",0.606277905930788
"2022_1120_1274",0.808658045453603
"2022_1120_1276",0.690394637215651
"2022_1120_1277",0.689955767646215
"2022_1120_1286",0.903967493910642
"2022_1120_1293",0.632555156227316
"2022_1120_1308",0.805032580064203
"2022_1120_1313",0.930178940453453
"2022_1120_1314",0.706054506830554
"2022_1120_1323",0.816292759783608
"2022_1120_1326",0.686814492729778
"2022_1120_1344",0.7441093779505
"2022_1120_1345",0.426312877416028
"2022_1120_1350",0.847943364831134
"2022_1120_1353",0.813599283903331
"2022_1120_1355",0.800909679441677
"2022_1120_1361",0.660777867749035
"2022_1120_1362",0.655952827578858
"2022_1120_1371",0.693394810501283
"2022_1120_1388",0.657545704641286
"2022_1120_1389",0.895516362752011
"2022_1120_1394",0.955606036335624
"2022_1120_1395",0.682998606271416
"2022_1120_1397",0.43425300989465
"2022_1120_1400",0.564236057956362
"2022_1120_1403",0.486050822884235
"2022_1120_1411",0.931686638413083
"2022_1120_1412",0.71269216489966
"2022_1120_1417",0.477222158162187
"2022_1120_1425",0.701324090276705
"2022_1120_1436",0.781310317128781
"2022_1120_1437",0.486460915964104
"2022_1120_1439",0.667028150326313
"2022_1120_1458",0.751427152565788
"2022_1120_1460",0.925935070216254
"2022_1120_1461",0.788058110302542
"2022_1120_1463",0.920734405784662
"2022_1124_1129",0.699804376541244
"2022_1124_1136",0.938896548248294
"2022_1124_1151",0.787472581083337
"2022_1124_1159",0.899602011201191
"2022_1124_1161",0.757212829478857
"2022_1124_1163",0.542268803876207
"2022_1124_1166",0.777260596684171
"2022_1124_1168",0.898709304231062
"2022_1124_1172",0.776333446881742
"2022_1124_1174",0.910849924423991
"2022_1124_1181",0.469300267004312
"2022_1124_1209",0.914308892324256
"2022_1124_1211",0.29828225308172
"2022_1124_1222",0.344241649978146
"2022_1124_1228",0.562755539887843
"2022_1124_1231",0.751755905633719
"2022_1124_1234",0.468320924695431
"2022_1124_1235",0.78927831732468
"2022_1124_1240",0.915088142178829
"2022_1124_1242",0.431927319947475
"2022_1124_1246",0.375954040611121
"2022_1124_1255",0.892659688650237
"2022_1124_1260",0.652137450012065
"2022_1124_1261",0.543287335500753
"2022_1124_1266",0.794259009588343
"2022_1124_1272",0.616164721589197
"2022_1124_1274",0.81501347363795
"2022_1124_1276",0.699217110320166
"2022_1124_1277",0.698785290446262
"2022_1124_1286",0.907519256534381
"2022_1124_1293",0.642171568012633
"2022_1124_1308",0.811480355098587
"2022_1124_1313",0.932833303354605
"2022_1124_1314",0.714615198905377
"2022_1124_1323",0.822450278579032
"2022_1124_1326",0.69569401798934
"2022_1124_1344",0.751951142798751
"2022_1124_1345",0.436518694260387
"2022_1124_1350",0.853230759155388
"2022_1124_1353",0.819827156183298
"2022_1124_1355",0.807461192726511
"2022_1124_1361",0.670040946241413
"2022_1124_1362",0.665280920914574
"2022_1124_1371",0.702168671939857
"2022_1124_1388",0.66685254472979
"2022_1124_1389",0.899345887291951
"2022_1124_1394",0.957338080964245
"2022_1124_1395",0.691937793742367
"2022_1124_1397",0.444501630872367
"2022_1124_1400",0.574437555698621
"2022_1124_1403",0.496449181599367
"2022_1124_1411",0.934287732876089
"2022_1124_1412",0.721135896208304
"2022_1124_1417",0.487610837523733
"2022_1124_1425",0.709965956533296
"2022_1124_1436",0.78833634169019
"2022_1124_1437",0.496859566406864
"2022_1124_1439",0.676204188172967
"2022_1124_1458",0.75911725941634
"2022_1124_1460",0.928738410669293
"2022_1124_1461",0.794924245757209
"2022_1124_1463",0.9237183735207
"2022_1129_1136",0.868935148407421
"2022_1129_1151",0.615193642288105
"2022_1129_1159",0.794497163880027
"2022_1129_1161",0.573684141473268
"2022_1129_1163",0.338254834373531
"2022_1129_1166",0.600899033718135
"2022_1129_1168",0.79288506108855
"2022_1129_1172",0.599615933717914
"2022_1129_1174",0.815100088700534
"2022_1129_1181",0.276175126642968
"2022_1129_1209",0.82154624138869
"2022_1129_1211",0.154981632195519
"2022_1129_1222",0.18467200571335
"2022_1129_1228",0.357046169388895
"2022_1129_1231",0.566463944082391
"2022_1129_1234",0.275389668166159
"2022_1129_1235",0.61775261707613
"2022_1129_1240",0.823005749840758
"2022_1129_1242",0.247023092776668
"2022_1129_1246",0.206309222300397
"2022_1129_1255",0.782047861814771
"2022_1129_1260",0.447169734892288
"2022_1129_1261",0.339174114563879
"2022_1129_1266",0.624860593712183
"2022_1129_1272",0.409203300509841
"2022_1129_1274",0.655286962317593
"2022_1129_1276",0.50075297152448
"2022_1129_1277",0.500239874448476
"2022_1129_1286",0.808942535959546
"2022_1129_1293",0.436406567865286
"2022_1129_1308",0.650013206822997
"2022_1129_1313",0.856987130551248
"2022_1129_1314",0.519326632814502
"2022_1129_1323",0.666517640929129
"2022_1129_1326",0.496578933427595
"2022_1129_1344",0.566720917623117
"2022_1129_1345",0.250515722894096
"2022_1129_1350",0.714962180427078
"2022_1129_1353",0.662536031763346
"2022_1129_1355",0.64406157135037
"2022_1129_1361",0.467000429212403
"2022_1129_1362",0.461664652728864
"2022_1129_1371",0.504271305179398
"2022_1129_1388",0.463421229527578
"2022_1129_1389",0.794034297712716
"2022_1129_1394",0.906386329738405
"2022_1129_1395",0.492159049845681
"2022_1129_1397",0.256646386550248
"2022_1129_1400",0.368052438725211
"2022_1129_1403",0.298434411368046
"2022_1129_1411",0.859837160185823
"2022_1129_1412",0.52735822915794
"2022_1129_1417",0.291083517669096
"2022_1129_1425",0.513661102571151
"2022_1129_1436",0.616416521005552
"2022_1129_1437",0.298778231691196
"2022_1129_1439",0.473978849659054
"2022_1129_1458",0.576222494937381
"2022_1129_1460",0.849016614562007
"2022_1129_1461",0.625815516589166
"2022_1129_1463",0.839351986910224
"2022_1136_1151",0.169256150500406
"2022_1136_1159",0.330072866154667
"2022_1136_1161",0.146389184171956
"2022_1136_1163",0.0611580258019508
"2022_1136_1166",0.160988347857797
"2022_1136_1168",0.327899499513496
"2022_1136_1172",0.160267377046659
"2022_1136_1174",0.359713272132155
"2022_1136_1181",0.0463701621631057
"2022_1136_1209",0.36976003950723
"2022_1136_1211",0.0228395573976226
"2022_1136_1222",0.0280554931099888
"2022_1136_1228",0.0660930682392434
"2022_1136_1231",0.142746097824413
"2022_1136_1234",0.0461965693896127
"2022_1136_1235",0.17078344248441
"2022_1136_1240",0.372090450422617
"2022_1136_1242",0.0401306103175129
"2022_1136_1246",0.0320642841017236
"2022_1136_1255",0.313788942571357
"2022_1136_1260",0.0934501507249728
"2022_1136_1261",0.0613941027483873
"2022_1136_1266",0.175104434296233
"2022_1136_1272",0.0811096423774909
"2022_1136_1274",0.195015474606695
"2022_1136_1276",0.113337611896348
"2022_1136_1277",0.113131526282101
"2022_1136_1286",0.350475112780759
"2022_1136_1293",0.0898176125430837
"2022_1136_1308",0.191389328071887
"2022_1136_1313",0.433001168443033
"2022_1136_1314",0.121024924542831
"2022_1136_1323",0.20300327525886
"2022_1136_1326",0.1116705581506
"2022_1136_1344",0.142874200212659
"2022_1136_1345",0.0408567359354625
"2022_1136_1350",0.24222906401856
"2022_1136_1353",0.200128905616621
"2022_1136_1355",0.18738859204806
"2022_1136_1361",0.100444489010541
"2022_1136_1362",0.0985226882234348
"2022_1136_1371",0.114759628601588
"2022_1136_1388",0.0991520419146843
"2022_1136_1389",0.329446812961872
"2022_1136_1394",0.552353432711047
"2022_1136_1395",0.109928517058812
"2022_1136_1397",0.042145105436968
"2022_1136_1400",0.0690942778566437
"2022_1136_1403",0.0514233959059829
"2022_1136_1411",0.438767164326215
"2022_1136_1412",0.124492006543758
"2022_1136_1417",0.0497255198270596
"2022_1136_1425",0.118632198578906
"2022_1136_1436",0.169984169124194
"2022_1136_1437",0.051503531180241
"2022_1136_1439",0.103003978062799
"2022_1136_1458",0.147691891820947
"2022_1136_1460",0.41746315673353
"2022_1136_1461",0.175693935946627
"2022_1136_1463",0.399705902823873
"2022_1151_1159",0.709862043600115
"2022_1151_1161",0.459926881514153
"2022_1151_1163",0.244416523670122
"2022_1151_1166",0.487921608643838
"2022_1151_1168",0.707830162514044
"2022_1151_1172",0.486585627625582
"2022_1151_1174",0.736132063379475
"2022_1151_1181",0.194497068536176
"2022_1151_1209",0.744468196532081
"2022_1151_1211",0.103996487109699
"2022_1151_1222",0.125368568854638
"2022_1151_1228",0.260043346112248
"2022_1151_1231",0.452618351571823
"2022_1151_1234",0.19388168482631
"2022_1151_1235",0.505620919806694
"2022_1151_1240",0.746363476552882
"2022_1151_1242",0.171918907334445
"2022_1151_1246",0.141261305719152
"2022_1151_1255",0.694258627681706
"2022_1151_1260",0.338575611644922
"2022_1151_1261",0.245175264628844
"2022_1151_1266",0.513170805214172
"2022_1151_1272",0.304746695535255
"2022_1151_1274",0.546075286208473
"2022_1151_1276",0.388285787019983
"2022_1151_1277",0.387798415277131
"2022_1151_1286",0.728221563627972
"2022_1151_1293",0.328871333958266
"2022_1151_1308",0.540302823102306
"2022_1151_1313",0.791328646820836
"2022_1151_1314",0.406080978086166
"2022_1151_1323",0.558466609312628
"2022_1151_1326",0.384327541691111
"2022_1151_1344",0.452877629199877
"2022_1151_1345",0.174595872941719
"2022_1151_1350",0.61350567239933
"2022_1151_1353",0.554058066176963
"2022_1151_1355",0.533823541750441
"2022_1151_1361",0.356697748336963
"2022_1151_1362",0.351790441076649
"2022_1151_1371",0.391633791313623
"2022_1151_1388",0.353403404355751
"2022_1151_1389",0.709278303432056
"2022_1151_1394",0.859694360434182
"2022_1151_1395",0.380152302874845
"2022_1151_1397",0.179313118780707
"2022_1151_1400",0.269311910893594
"2022_1151_1403",0.212102280859639
"2022_1151_1411",0.795174416544937
"2022_1151_1412",0.413869165478999
"2022_1151_1417",0.206252713281818
"2022_1151_1425",0.400621200071227
"2022_1151_1436",0.504207444470645
"2022_1151_1437",0.212376748483949
"2022_1151_1439",0.363150924722988
"2022_1151_1458",0.462507965752018
"2022_1151_1460",0.780635482331848
"2022_1151_1461",0.514188994859398
"2022_1151_1463",0.767790865097145
"2022_1159_1161",0.300938467704949
"2022_1159_1163",0.140539971967495
"2022_1159_1166",0.325080867637846
"2022_1159_1168",0.550495514327228
"2022_1159_1172",0.323908729079961
"2022_1159_1174",0.585104761643987
"2022_1159_1181",0.108781757409272
"2022_1159_1209",0.595590968646028
"2022_1159_1211",0.0554208738934679
"2022_1159_1222",0.0675630332763038
"2022_1159_1228",0.150851366698172
"2022_1159_1231",0.294777415037461
"2022_1159_1234",0.108401077679202
"2022_1159_1235",0.340804464297539
"2022_1159_1240",0.597994201564252
"2022_1159_1242",0.0949805647891868
"2022_1159_1246",0.0767710803642057
"2022_1159_1255",0.53442272514189
"2022_1159_1260",0.205569035780746
"2022_1159_1261",0.141036440177967
"2022_1159_1266",0.347623800377461
"2022_1159_1272",0.181385116482164
"2022_1159_1274",0.378158823631235
"2022_1159_1276",0.24292317255706
"2022_1159_1277",0.242545913513055
"2022_1159_1286",0.575278899629504
"2022_1159_1293",0.198532721172504
"2022_1159_1308",0.372703963884102
"2022_1159_1313",0.657181004542152
"2022_1159_1314",0.256853688371384
"2022_1159_1323",0.390013670467582
"2022_1159_1326",0.239865712761119
"2022_1159_1344",0.294995002974753
"2022_1159_1345",0.096599269752193
"2022_1159_1350",0.44519023107431
"2022_1159_1353",0.385773061185522
"2022_1159_1355",0.366631573473631
"2022_1159_1361",0.218928442772373
"2022_1159_1362",0.21528222055688
"2022_1159_1371",0.245520852341722
"2022_1159_1388",0.216478317046912
"2022_1159_1389",0.552230168597049
"2022_1159_1394",0.755941826274466
"2022_1159_1395",0.236656615051219
"2022_1159_1397",0.0994631337188924
"2022_1159_1400",0.157054107933983
"2022_1159_1403",0.119782060468555
"2022_1159_1411",0.662444477632063
"2022_1159_1412",0.263047450318292
"2022_1159_1417",0.116103402487758
"2022_1159_1425",0.252547127573069
"2022_1159_1436",0.339535299302369
"2022_1159_1437",0.119955250859063
"2022_1159_1439",0.22375610670607
"2022_1159_1458",0.303128104126065
"2022_1159_1460",0.642717285213449
"2022_1159_1461",0.348548692008937
"2022_1159_1463",0.625669466756501
"2022_1161_1163",0.324807380695871
"2022_1161_1166",0.586260525441944
"2022_1161_1168",0.782742359398579
"2022_1161_1172",0.58496286872533
"2022_1161_1174",0.805778800616593
"2022_1161_1181",0.264210294015146
"2022_1161_1209",0.812475157553803
"2022_1161_1211",0.147199546455014
"2022_1161_1222",0.17570907700748
"2022_1161_1228",0.343239148116839
"2022_1161_1231",0.551505096307459
"2022_1161_1234",0.263446479000236
"2022_1161_1235",0.603324201006227
"2022_1161_1240",0.813992057801104
"2022_1161_1242",0.235909597794145
"2022_1161_1246",0.196549302875937
"2022_1161_1255",0.771527374328917
"2022_1161_1260",0.432220446874533
"2022_1161_1261",0.325708102493974
"2022_1161_1266",0.61053132494365
"2022_1161_1272",0.394617256365556
"2022_1161_1274",0.641453020199336
"2022_1161_1276",0.48558579122871
"2022_1161_1277",0.485073135372014
"2022_1161_1286",0.799387229827736
"2022_1161_1293",0.42154273138207
"2022_1161_1308",0.636085157103991
"2022_1161_1313",0.849387293671045
"2022_1161_1314",0.50416499429326
"2022_1161_1323",0.652895667089455
"2022_1161_1326",0.481416268488773
"2022_1161_1344",0.551763920432614
"2022_1161_1345",0.239295031984963
"2022_1161_1350",0.70243560395913
"2022_1161_1353",0.648837107054448
"2022_1161_1355",0.630031479356653
"2022_1161_1361",0.451930141042431
"2022_1161_1362",0.446622269086811
"2022_1161_1371",0.489101959385275
"2022_1161_1388",0.448369280928711
"2022_1161_1389",0.783932539050255
"2022_1161_1394",0.90110868879299
"2022_1161_1395",0.477003466974092
"2022_1161_1397",0.245240951900513
"2022_1161_1400",0.354054175580651
"2022_1161_1403",0.285886115970376
"2022_1161_1411",0.852362684951713
"2022_1161_1412",0.512211975721169
"2022_1161_1417",0.278721511588382
"2022_1161_1425",0.498493332039428
"2022_1161_1436",0.601970167005734
"2022_1161_1437",0.286221377604191
"2022_1161_1439",0.458877244241027
"2022_1161_1458",0.561339614853383
"2022_1161_1460",0.841071766354308
"2022_1161_1461",0.611500045042801
"2022_1161_1463",0.830999810214579
"2022_1163_1166",0.684241940267782
"2022_1163_1168",0.846385298425154
"2022_1163_1172",0.683085471113023
"2022_1163_1174",0.863847309460244
"2022_1163_1181",0.354482920882161
"2022_1163_1209",0.868867400618284
"2022_1163_1211",0.208840470960284
"2022_1163_1222",0.245846906638054
"2022_1163_1228",0.444211993520844
"2022_1163_1231",0.652843388181208
"2022_1163_1234",0.353583543696477
"2022_1163_1235",0.699337035354432
"2022_1163_1240",0.870001127726666
"2022_1163_1242",0.320727625814241
"2022_1163_1246",0.272258281682496
"2022_1163_1255",0.837774719855938
"2022_1163_1260",0.537929495370981
"2022_1163_1261",0.42485994435807
"2022_1163_1266",0.705650795871525
"2022_1163_1272",0.499215732628056
"2022_1163_1274",0.73233144914316
"2022_1163_1276",0.590766435244179
"2022_1163_1277",0.590270154053374
"2022_1163_1286",0.859032384425713
"2022_1163_1293",0.527064513282613
"2022_1163_1308",0.727746677810479
"2022_1163_1313",0.89609887861722
"2022_1163_1314",0.608608736447082
"2022_1163_1323",0.742040156195631
"2022_1163_1326",0.586723864502175
"2022_1163_1344",0.653080517969254
"2022_1163_1345",0.324812823414262
"2022_1163_1350",0.783084132362009
"2022_1163_1353",0.738606620539925
"2022_1163_1355",0.722552701114945
"2022_1163_1361",0.55772455632456
"2022_1163_1362",0.552426561569455
"2022_1163_1371",0.594164528125447
"2022_1163_1388",0.554172978654401
"2022_1163_1389",0.847294847460755
"2022_1163_1394",0.933043707945927
"2022_1163_1395",0.582429904812924
"2022_1163_1397",0.331956388840204
"2022_1163_1400",0.455999562445234
"2022_1163_1403",0.379742477301166
"2022_1163_1411",0.898262002082148
"2022_1163_1412",0.616250872421547
"2022_1163_1417",0.371449208790775
"2022_1163_1425",0.603191470683249
"2022_1163_1436",0.69814676515179
"2022_1163_1437",0.380129215974173
"2022_1163_1439",0.56462254299145
"2022_1163_1458",0.661818382153514
"2022_1163_1460",0.890028451455542
"2022_1163_1461",0.706496663227938
"2022_1163_1463",0.882626112678692
"2022_1166_1168",0.72725641236976
"2022_1166_1172",0.510550363325611
"2022_1166_1174",0.754329651561412
"2022_1166_1181",0.209959150236417
"2022_1166_1209",0.762276540961059
"2022_1166_1211",0.113275731658053
"2022_1166_1222",0.136264758766522
"2022_1166_1228",0.278911934462042
"2022_1166_1231",0.47646268342604
"2022_1166_1234",0.20930755703919
"2022_1166_1235",0.529556180285935
"2022_1166_1240",0.764081593403621
"2022_1166_1242",0.186000543320455
"2022_1166_1246",0.153296686407163
"2022_1166_1255",0.71422292498246
"2022_1166_1260",0.360367339143002
"2022_1166_1261",0.263348983326922
"2022_1166_1266",0.537075199590289
"2022_1166_1272",0.325432377982465
"2022_1166_1274",0.569718708636727
"2022_1166_1276",0.411287496290946
"2022_1166_1277",0.410790641427356
"2022_1166_1286",0.746777034576362
"2022_1166_1293",0.350369326067826
"2022_1166_1308",0.564006856611857
"2022_1166_1313",0.806719092624369
"2022_1166_1314",0.429396876134754
"2022_1166_1323",0.581958704555303
"2022_1166_1326",0.407250875845899
"2022_1166_1344",0.476723724201755
"2022_1166_1345",0.188846770932029
"2022_1166_1350",0.63597817120064
"2022_1166_1353",0.577607313361075
"2022_1166_1355",0.557588106904431
"2022_1166_1361",0.378987541426434
"2022_1166_1362",0.373951838165698
"2022_1166_1371",0.414699377653709
"2022_1166_1388",0.375607533248912
"2022_1166_1389",0.728645179457732
"2022_1166_1394",0.870865363675587
"2022_1166_1395",0.402989608927403
"2022_1166_1397",0.193858618154999
"2022_1166_1400",0.28859073040069
"2022_1166_1403",0.228566798859193
"2022_1166_1411",0.810349197792424
"2022_1166_1412",0.437302982828283
"2022_1166_1417",0.222391323204946
"2022_1166_1425",0.423847330588411
"2022_1166_1436",0.528147275296328
"2022_1166_1437",0.228856383597332
"2022_1166_1439",0.385602257241216
"2022_1166_1458",0.486410329628331
"2022_1166_1460",0.796611892403231
"2022_1166_1461",0.538088395337211
"2022_1166_1463",0.784444441840531
"2022_1168_1172",0.229774639863262
"2022_1168_1174",0.467557399598336
"2022_1168_1181",0.0706358046514157
"2022_1168_1209",0.478365885712664
"2022_1168_1211",0.0352466838012669
"2022_1168_1222",0.0431708891110404
"2022_1168_1228",0.0996017839294077
"2022_1168_1231",0.206523327631668
"2022_1168_1234",0.0703780743971991
"2022_1168_1235",0.243528818704905
"2022_1168_1240",0.480858536051829
"2022_1168_1242",0.0613411054957607
"2022_1168_1246",0.049230090867442
"2022_1168_1255",0.416827932563078
"2022_1168_1260",0.138767813322651
"2022_1168_1261",0.0927570942789995
"2022_1168_1266",0.249137355477887
"2022_1168_1272",0.12124326797397
"2022_1168_1274",0.27466363822299
"2022_1168_1276",0.166527902842534
"2022_1168_1277",0.16624323344189
"2022_1168_1286",0.457528693662572
"2022_1168_1293",0.13363338366426
"2022_1168_1308",0.270053339122451
"2022_1168_1313",0.544144520525348
"2022_1168_1314",0.177102328130072
"2022_1168_1323",0.284759763101943
"2022_1168_1326",0.164223392229457
"2022_1168_1344",0.20669486462496
"2022_1168_1345",0.0624260552896231
"2022_1168_1350",0.333179067269405
"2022_1168_1353",0.281136124707042
"2022_1168_1355",0.264947025855366
"2022_1168_1361",0.148598006808419
"2022_1168_1362",0.145904320857709
"2022_1168_1371",0.168490466150452
"2022_1168_1388",0.146787060476086
"2022_1168_1389",0.434372754392094
"2022_1168_1394",0.658550175108746
"2022_1168_1395",0.161810866987035
"2022_1168_1397",0.0643489559311401
"2022_1168_1400",0.10395521377362
"2022_1168_1403",0.0781167961831941
"2022_1168_1411",0.54995500551462
"2022_1168_1412",0.181843544867308
"2022_1168_1417",0.0756078181614352
"2022_1168_1425",0.173820167582975
"2022_1168_1436",0.242488652584663
"2022_1168_1437",0.0782350981177551
"2022_1168_1439",0.152176950364739
"2022_1168_1458",0.213129464321776
"2022_1168_1460",0.528334540851496
"2022_1168_1461",0.249900588340215
"2022_1168_1463",0.509989970144967
"2022_1172_1174",0.817875968605799
"2022_1172_1181",0.279893932528571
"2022_1172_1209",0.824246212904803
"2022_1172_1211",0.157423443383907
"2022_1172_1222",0.187477819011537
"2022_1172_1228",0.361310361147902
"2022_1172_1231",0.571008002855511
"2022_1172_1234",0.279101975775568
"2022_1172_1235",0.622117711159569
"2022_1172_1240",0.825688324540186
"2022_1172_1242",0.2504851978675
"2022_1172_1246",0.209359365647813
"2022_1172_1255",0.785189180249704
"2022_1172_1260",0.451754006559439
"2022_1172_1261",0.343338841254596
"2022_1172_1266",0.629193240221698
"2022_1172_1272",0.4136896096475
"2022_1172_1274",0.659459713623728
"2022_1172_1276",0.505384387965446
"2022_1172_1277",0.504871344351291
"2022_1172_1286",0.81178951302208
"2022_1172_1293",0.440968512663036
"2022_1172_1308",0.654216110274669
"2022_1172_1313",0.859242758794929
"2022_1172_1314",0.523949549359577
"2022_1172_1323",0.670622778239078
"2022_1172_1326",0.501210501698066
"2022_1172_1344",0.571264321521968
"2022_1172_1345",0.254010265318085
"2022_1172_1350",0.718722634874021
"2022_1172_1353",0.666665670142781
"2022_1172_1355",0.648297275298268
"2022_1172_1361",0.471614567359054
"2022_1172_1362",0.466272190811383
"2022_1172_1371",0.50890209230696
"2022_1172_1388",0.468031057098166
"2022_1172_1389",0.797047690450443
"2022_1172_1394",0.907946514605251
"2022_1172_1395",0.496790075118833
"2022_1172_1397",0.260196758563133
"2022_1172_1400",0.37237194911332
"2022_1172_1403",0.302327755761388
"2022_1172_1411",0.862055072756595
"2022_1172_1412",0.531973515327859
"2022_1172_1417",0.294921276694016
"2022_1172_1425",0.518287965709683
"2022_1172_1436",0.620787506693981
"2022_1172_1437",0.302674126388399
"2022_1172_1439",0.478600024988945
"2022_1172_1458",0.580739973945018
"2022_1172_1460",0.851376153580544
"2022_1172_1461",0.630143662262973
"2022_1172_1463",0.841834425780168
"2022_1174_1181",0.0728688084738291
"2022_1174_1209",0.486737763693766
"2022_1174_1211",0.0364047577359251
"2022_1174_1222",0.0445772925813781
"2022_1174_1228",0.102649346826756
"2022_1174_1231",0.212071872415329
"2022_1174_1234",0.0726035671197598
"2022_1174_1235",0.24975862795312
"2022_1174_1240",0.489233123702615
"2022_1174_1242",0.0633002901106583
"2022_1174_1246",0.0508234036345186
"2022_1174_1255",0.425000298610235
"2022_1174_1260",0.142823667139851
"2022_1174_1261",0.0956174673354997
"2022_1174_1266",0.255462187366336
"2022_1174_1272",0.124861179650502
"2022_1174_1274",0.281393646502224
"2022_1174_1276",0.171233799881575
"2022_1174_1277",0.170942735926927
"2022_1174_1286",0.465861581371557
"2022_1174_1293",0.137563140264429
"2022_1174_1308",0.276713478244456
"2022_1174_1313",0.552448394642704
"2022_1174_1314",0.182041780122464
"2022_1174_1323",0.291637688278301
"2022_1174_1326",0.168877361465038
"2022_1174_1344",0.212246785246248
"2022_1174_1345",0.0644175142143576
"2022_1174_1350",0.340669454698459
"2022_1174_1353",0.287961764204577
"2022_1174_1355",0.271528076667687
"2022_1174_1361",0.152890168594308
"2022_1174_1362",0.150132397050442
"2022_1174_1371",0.173240295541757
"2022_1174_1388",0.151036193490415
"2022_1174_1389",0.442628020662275
"2022_1174_1394",0.666049030108884
"2022_1174_1395",0.166410079917461
"2022_1174_1397",0.0663974132923326
"2022_1174_1400",0.10712013338487
"2022_1174_1403",0.0805657943345888
"2022_1174_1411",0.558238964572422
"2022_1174_1412",0.186885199968366
"2022_1174_1417",0.0779848125574794
"2022_1174_1425",0.178687956448165
"2022_1174_1436",0.248700600978153
"2022_1174_1437",0.080687480477047
"2022_1174_1439",0.156553479308513
"2022_1174_1458",0.218806550199512
"2022_1174_1460",0.536681192939253
"2022_1174_1461",0.256238184096205
"2022_1174_1463",0.518365316314969
"2022_1181_1209",0.90600474836591
"2022_1181_1211",0.277457156232372
"2022_1181_1222",0.321678753762531
"2022_1181_1228",0.537612249562727
"2022_1181_1231",0.732311118534632
"2022_1181_1234",0.443120928808512
"2022_1181_1235",0.771880767676119
"2022_1181_1240",0.90685182029378
"2022_1181_1242",0.407185864960685
"2022_1181_1246",0.352429687020634
"2022_1181_1255",0.882527120121157
"2022_1181_1260",0.62874317458917
"2022_1181_1261",0.517983429800792
"2022_1181_1266",0.777156572974749
"2022_1181_1272",0.591865274739074
"2022_1181_1274",0.799200109525359
"2022_1181_1276",0.677422875580421
"2022_1181_1277",0.676974221685678
"2022_1181_1286",0.898630092731043
"2022_1181_1293",0.618499151563077
"2022_1181_1308",0.795440771135153
"2022_1181_1313",0.926179380877945
"2022_1181_1314",0.6934475276131
"2022_1181_1323",0.807122192770729
"2022_1181_1326",0.673763611549436
"2022_1181_1344",0.732516207131839
"2022_1181_1345",0.411704845572612
"2022_1181_1350",0.840043173494461
"2022_1181_1353",0.804326490669887
"2022_1181_1355",0.791167653186962
"2022_1181_1361",0.647199334237375
"2022_1181_1362",0.64228571157756
"2022_1181_1371",0.680490576095931
"2022_1181_1388",0.643907514585901
"2022_1181_1389",0.889766533126614
"2022_1181_1394",0.952989404498282
"2022_1181_1395",0.669865145545347
"2022_1181_1397",0.419571887459858
"2022_1181_1400",0.549428179267541
"2022_1181_1403",0.471076665472814
"2022_1181_1411",0.927766737566143
"2022_1181_1412",0.70024900739288
"2022_1181_1417",0.462275347531557
"2022_1181_1425",0.68860370753957
"2022_1181_1436",0.77088359676257
"2022_1181_1437",0.471485714702
"2022_1181_1439",0.653568637237551
"2022_1181_1458",0.740049695677379
"2022_1181_1460",0.921712869319011
"2022_1181_1461",0.777861641728617
"2022_1181_1463",0.91624255001415
"2022_1209_1211",0.030793770568585
"2022_1209_1222",0.0377560450018162
"2022_1209_1228",0.0877580973100189
"2022_1209_1231",0.18457180698991
"2022_1209_1234",0.0617709910170559
"2022_1209_1235",0.218728213628129
"2022_1209_1240",0.446142925239907
"2022_1209_1242",0.05377529156142
"2022_1209_1246",0.0430894776793005
"2022_1209_1255",0.383321728088979
"2022_1209_1260",0.122902584154484
"2022_1209_1261",0.0816535025993596
"2022_1209_1266",0.223934664827198
"2022_1209_1272",0.107132375487832
"2022_1209_1274",0.247730664903612
"2022_1209_1276",0.148034414477125
"2022_1209_1277",0.147775753461228
"2022_1209_1286",0.423124599374782
"2022_1209_1293",0.11827455439412
"2022_1209_1308",0.243420726982509
"2022_1209_1313",0.509342671076899
"2022_1209_1314",0.157656645303747
"2022_1209_1323",0.257187817420261
"2022_1209_1326",0.145941015324149
"2022_1209_1344",0.184729355965084
"2022_1209_1345",0.0547342266715616
"2022_1209_1350",0.302904367625199
"2022_1209_1353",0.253790542352366
"2022_1209_1355",0.238653352595533
"2022_1209_1361",0.131780867983838
"2022_1209_1362",0.129345718893128
"2022_1209_1371",0.149818205279923
"2022_1209_1388",0.130143542133508
"2022_1209_1389",0.400424601042807
"2022_1209_1394",0.626487174601651
"2022_1209_1395",0.14375087305822
"2022_1209_1397",0.0564344583510368
"2022_1209_1400",0.0916465496914279
"2022_1209_1403",0.0686331581666202
"2022_1209_1411",0.515201535984802
"2022_1209_1412",0.161979752161161
"2022_1209_1417",0.0664068369960545
"2022_1209_1425",0.154667128495694
"2022_1209_1436",0.217763482945276
"2022_1209_1437",0.0687381687431279
"2022_1209_1439",0.135019007625747
"2022_1209_1458",0.190644479424082
"2022_1209_1460",0.493449302418084
"2022_1209_1461",0.224643788500191
"2022_1209_1463",0.475095922056601
"2022_1211_1222",0.57836577537177
"2022_1211_1228",0.77080631137207
"2022_1211_1231",0.887805225631415
"2022_1211_1234",0.69712203831342
"2022_1211_1235",0.907299402438681
"2022_1211_1240",0.965707139486586
"2022_1211_1242",0.665193397254491
"2022_1211_1246",0.61153275919474
"2022_1211_1255",0.956006295314977
"2022_1211_1260",0.830470396387225
"2022_1211_1261",0.756594872611835
"2022_1211_1266",0.909809272430618
"2022_1211_1272",0.807495450134162
"2022_1211_1274",0.920080291289259
"2022_1211_1276",0.858646004430385
"2022_1211_1277",0.85839671613902
"2022_1211_1286",0.96246526252324
"2022_1211_1293",0.82423657407173
"2022_1211_1308",0.918352848907224
"2022_1211_1313",0.973183773717675
"2022_1211_1314",0.867429833609048
"2022_1211_1323",0.923688703683748
"2022_1211_1326",0.85660735515737
"2022_1211_1344",0.887909417837967
"2022_1211_1345",0.669342732409685
"2022_1211_1350",0.938236256413155
"2022_1211_1353",0.922420193689331
"2022_1211_1355",0.916377368755716
"2022_1211_1361",0.841427380100362
"2022_1211_1362",0.83854402444316
"2022_1211_1371",0.860345571448366
"2022_1211_1388",0.839498384618459
"2022_1211_1389",0.958928201702445
"2022_1211_1394",0.98323189950354
"2022_1211_1395",0.854421742805863
"2022_1211_1397",0.676471880413241
"2022_1211_1400",0.779111566044449
"2022_1211_1403",0.72037314563708
"2022_1211_1411",0.973789003892889
"2022_1211_1412",0.871088765287545
"2022_1211_1417",0.713194522979621
"2022_1211_1425",0.864799112198861
"2022_1211_1436",0.906822725847281
"2022_1211_1437",0.72070370536673
"2022_1211_1439",0.845129262781487
"2022_1211_1458",0.891713344767764
"2022_1211_1460",0.971473664604804
"2022_1211_1461",0.91014316048724
"2022_1211_1463",0.969364817557048
"2022_1222_1228",0.642736560606327
"2022_1222_1231",0.808904534872235
"2022_1222_1234",0.55181885860403
"2022_1222_1235",0.839631579547499
"2022_1222_1240",0.937749440014791
"2022_1222_1242",0.515224438943128
"2022_1222_1246",0.457143294761323
"2022_1222_1255",0.920788565410137
"2022_1222_1260",0.723793337536586
"2022_1222_1261",0.624453018178181
"2022_1222_1266",0.843657855527323
"2022_1222_1272",0.691727819124951
"2022_1222_1274",0.860305573482026
"2022_1222_1276",0.764674611238549
"2022_1222_1277",0.764305088404377
"2022_1222_1286",0.932050547316603
"2022_1222_1293",0.71498311402909
"2022_1222_1308",0.857486240708396
"2022_1222_1313",0.951012293010655
"2022_1222_1314",0.777786664820847
"2022_1222_1323",0.866220429022498
"2022_1222_1326",0.761656878447774
"2022_1222_1344",0.809066241717699
"2022_1222_1345",0.519890913409185
"2022_1222_1350",0.890423777001027
"2022_1222_1353",0.864137143804924
"2022_1222_1355",0.8542717651445
"2022_1222_1361",0.739482172267006
"2022_1222_1362",0.735328207397055
"2022_1222_1371",0.767197704814028
"2022_1222_1388",0.736701102319805
"2022_1222_1389",0.925868132332646
"2022_1222_1394",0.969104398763252
"2022_1222_1395",0.758432148682806
"2022_1222_1397",0.527969938005266
"2022_1222_1400",0.653597047733949
"2022_1222_1403",0.579496083032165
"2022_1222_1411",0.952093290439638
"2022_1222_1412",0.783301661454735
"2022_1222_1417",0.570855354256566
"2022_1222_1425",0.773840860009992
"2022_1222_1436",0.838868742529224
"2022_1222_1437",0.57989605956908
"2022_1222_1439",0.744842274535734
"2022_1222_1458",0.814988288916698
"2022_1222_1460",0.947963878442991
"2022_1222_1461",0.844194699361847
"2022_1222_1463",0.944216836930395
"2022_1228_1231",0.674626661817779
"2022_1228_1234",0.3762022630958
"2022_1228_1235",0.719456607741079
"2022_1228_1240",0.880649342571414
"2022_1228_1242",0.342357713210253
"2022_1228_1246",0.292024850422555
"2022_1228_1255",0.850609335956615
"2022_1228_1260",0.562086646714916
"2022_1228_1261",0.448872058103553
"2022_1228_1266",0.725513697283925
"2022_1228_1272",0.52360440580335
"2022_1228_1274",0.751029156148865
"2022_1228_1276",0.614142679205961
"2022_1228_1277",0.613656207461276
"2022_1228_1286",0.870445258430564
"2022_1228_1293",0.551315902822042
"2022_1228_1308",0.746653855469325
"2022_1228_1313",0.904843233665354
"2022_1228_1314",0.631601352306676
"2022_1228_1323",0.760281668027474
"2022_1228_1326",0.610178654215225
"2022_1228_1344",0.674856322805178
"2022_1228_1345",0.34657784955755
"2022_1228_1350",0.799208611023709
"2022_1228_1353",0.75701142565228
"2022_1228_1355",0.741692555350168
"2022_1228_1361",0.581651652668212
"2022_1228_1362",0.576422597772365
"2022_1228_1371",0.6174723518552
"2022_1228_1388",0.578146883732549
"2022_1228_1389",0.859502582143584
"2022_1228_1394",0.938890810192933
"2022_1228_1395",0.605964727955984
"2022_1228_1397",0.353949157338493
"2022_1228_1400",0.480301882899946
"2022_1228_1403",0.402991353985762
"2022_1228_1411",0.90684323339454
"2022_1228_1412",0.639060793385193
"2022_1228_1417",0.394513293487117
"2022_1228_1425",0.626306924104145
"2022_1228_1436",0.718313905145884
"2022_1228_1437",0.403386371320592
"2022_1228_1439",0.588451830749439
"2022_1228_1458",0.683311679476639
"2022_1228_1460",0.899226242054063
"2022_1228_1461",0.726324622356737
"2022_1228_1463",0.892368149219316
"2022_1231_1234",0.277727573598181
"2022_1231_1235",0.620508085149379
"2022_1231_1240",0.824701490195094
"2022_1231_1242",0.249203001675809
"2022_1231_1246",0.208229200884424
"2022_1231_1255",0.784033037353506
"2022_1231_1260",0.450060187316198
"2022_1231_1261",0.341798092014771
"2022_1231_1266",0.627595711740883
"2022_1231_1272",0.412031249908
"2022_1231_1274",0.657921687546929
"2022_1231_1276",0.503674220882364
"2022_1231_1277",0.503161147273653
"2022_1231_1286",0.81074202876362
"2022_1231_1293",0.43928273071128
"2022_1231_1308",0.652666875180798
"2022_1231_1313",0.858413312656047
"2022_1231_1314",0.522242891295721
"2022_1231_1323",0.669109872052146
"2022_1231_1326",0.499500195133357
"2022_1231_1344",0.569587945597438
"2022_1231_1345",0.252716108881342
"2022_1231_1350",0.717337540567938
"2022_1231_1353",0.665143663663611
"2022_1231_1355",0.646735841190345
"2022_1231_1361",0.469910108110459
"2022_1231_1362",0.46457006345438
"2022_1231_1371",0.507192227895729
"2022_1231_1388",0.466328118923069
"2022_1231_1389",0.795938784625443
"2022_1231_1394",0.907373128519564
"2022_1231_1395",0.495079880737836
"2022_1231_1397",0.25888202085462
"2022_1231_1400",0.370774477401794
"2022_1231_1403",0.30088671766714
"2022_1231_1411",0.861239522581397
"2022_1231_1412",0.53026983405071
"2022_1231_1417",0.293500690023171
"2022_1231_1425",0.51657973760496
"2022_1231_1436",0.619175683027794
"2022_1231_1437",0.301232150160688
"2022_1231_1439",0.476893105452294
"2022_1231_1458",0.579073348402354
"2022_1231_1460",0.850508416588867
"2022_1231_1461",0.628547811106364
"2022_1231_1463",0.840921388815153
"2022_1234_1235",0.738844529680384
"2022_1234_1240",0.890591520418321
"2022_1234_1242",0.364797555840525
"2022_1234_1246",0.312734459850662
"2022_1234_1255",0.862663667194498
"2022_1234_1260",0.586093385363503
"2022_1234_1261",0.47326919265672
"2022_1234_1266",0.744631602201885
"2022_1234_1272",0.548024413620999
"2022_1234_1274",0.768935906920039
"2022_1234_1276",0.637137941555348
"2022_1234_1277",0.636663309433494
"2022_1234_1286",0.881122716300828
"2022_1234_1293",0.575467138844578
"2022_1234_1308",0.764776731585513
"2022_1234_1313",0.912969179970751
"2022_1234_1314",0.654142098202271
"2022_1234_1323",0.7777199067517
"2022_1234_1326",0.633269086347207
"2022_1234_1344",0.696024225224424
"2022_1234_1345",0.36913903865836
"2022_1234_1350",0.814506007830275
"2022_1234_1353",0.774617034655129
"2022_1234_1355",0.760056282549065
"2022_1234_1361",0.605338911484289
"2022_1234_1362",0.600202424405996
"2022_1234_1371",0.640385374878848
"2022_1234_1388",0.601896764098903
"2022_1234_1389",0.870948188865045
"2022_1234_1394",0.944288268249354
"2022_1234_1395",0.629153063228288
"2022_1234_1397",0.376713551505259
"2022_1234_1400",0.504842483900793
"2022_1234_1403",0.426826054473785
"2022_1234_1411",0.914814467917127
"2022_1234_1412",0.661389816288894
"2022_1234_1417",0.418197809965643
"2022_1234_1425",0.648991583985623
"2022_1234_1436",0.737752012120737
"2022_1234_1437",0.427227715943068
"2022_1234_1439",0.612010892022596
"2022_1234_1458",0.704170415010841
"2022_1234_1460",0.907782968354242
"2022_1234_1461",0.745405866514568
"2022_1234_1463",0.901443374518425
"2022_1235_1240",0.755739957669923
"2022_1235_1242",0.179176796691722
"2022_1235_1246",0.147455394180738
"2022_1235_1255",0.704799474171999
"2022_1235_1260",0.349896365355743
"2022_1235_1261",0.254575043943353
"2022_1235_1266",0.5256895759695
"2022_1235_1272",0.315475834393094
"2022_1235_1274",0.558475923064449
"2022_1235_1276",0.400262828054741
"2022_1235_1277",0.399770247593551
"2022_1235_1286",0.738033318068459
"2022_1235_1293",0.34003442277822
"2022_1235_1308",0.552731993635788
"2022_1235_1313",0.799489419101415
"2022_1235_1314",0.418231636817122
"2022_1235_1323",0.570794797788942
"2022_1235_1326",0.396261579207641
"2022_1235_1344",0.465331449199056
"2022_1235_1345",0.181941944854127
"2022_1235_1350",0.625328103125352
"2022_1235_1353",0.566413779685659
"2022_1235_1355",0.546280785721535
"2022_1235_1361",0.368287048865204
"2022_1235_1362",0.363310346232137
"2022_1235_1371",0.403645959367796
"2022_1235_1388",0.364946391011084
"2022_1235_1389",0.719510533758358
"2022_1235_1394",0.865635446808942
"2022_1235_1395",0.392039247670333
"2022_1235_1397",0.186812746458861
"2022_1235_1400",0.279294665021295
"2022_1235_1403",0.220604655210716
"2022_1235_1411",0.803222187429663
"2022_1235_1412",0.426085677061336
"2022_1235_1417",0.214584463370664
"2022_1235_1425",0.412722017894854
"2022_1235_1436",0.516739649587256
"2022_1235_1437",0.220887040687429
"2022_1235_1439",0.374827727336545
"2022_1235_1458",0.474996697257702
"2022_1235_1460",0.78910299351907
"2022_1235_1461",0.526705731060662
"2022_1235_1463",0.776612300783797
"2022_1240_1242",0.0695436049288545
"2022_1240_1246",0.0559095733685404
"2022_1240_1255",0.449787811394975
"2022_1240_1260",0.155607412204868
"2022_1240_1261",0.104691978118316
"2022_1240_1266",0.275092302506283
"2022_1240_1272",0.136292791944754
"2022_1240_1274",0.302207574480148
"2022_1240_1276",0.186008640287024
"2022_1240_1277",0.185698089256644
"2022_1240_1286",0.490997255080824
"2022_1240_1293",0.149958403906439
"2022_1240_1308",0.297324459066782
"2022_1240_1313",0.577207368150388
"2022_1240_1314",0.197526917287087
"2022_1240_1323",0.31287942915736
"2022_1240_1326",0.183493894770355
"2022_1240_1344",0.229580119472211
"2022_1240_1345",0.0707626965562096
"2022_1240_1350",0.363649102360867
"2022_1240_1353",0.309052577908872
"2022_1240_1355",0.291908702205398
"2022_1240_1361",0.166400025876328
"2022_1240_1362",0.16344558681644
"2022_1240_1371",0.188148961214469
"2022_1240_1388",0.164414023815542
"2022_1240_1389",0.467607552720704
"2022_1240_1394",0.688071914029624
"2022_1240_1395",0.180859536612441
"2022_1240_1397",0.0729224168008439
"2022_1240_1400",0.1171448948279
"2022_1240_1403",0.088351386998849
"2022_1240_1411",0.582919444415231
"2022_1240_1412",0.202680247672322
"2022_1240_1417",0.0855441940558795
"2022_1240_1425",0.193955453168821
"2022_1240_1436",0.267998166004148
"2022_1240_1437",0.0884837007757563
"2022_1240_1439",0.170321954029499
"2022_1240_1458",0.236514752621911
"2022_1240_1460",0.561620268546339
"2022_1240_1461",0.275905831198843
"2022_1240_1463",0.543451596737653
"2022_1242_1246",0.389558989368888
"2022_1242_1255",0.898054454834367
"2022_1242_1260",0.665085131873042
"2022_1242_1261",0.55753764697036
"2022_1242_1266",0.803510667746079
"2022_1242_1272",0.629691036812833
"2022_1242_1274",0.823539201751528
"2022_1242_1276",0.711188510918671
"2022_1242_1277",0.710766768460967
"2022_1242_1286",0.912240624242153
"2022_1242_1293",0.655294117494983
"2022_1242_1308",0.820132982352721
"2022_1242_1313",0.936352963116092
"2022_1242_1314",0.726213713951972
"2022_1242_1323",0.830704452928474
"2022_1242_1326",0.707747031703745
"2022_1242_1344",0.762536486499062
"2022_1242_1345",0.450732334915525
"2022_1242_1350",0.860297034859989
"2022_1242_1353",0.828177801214744
"2022_1242_1355",0.816256520832312
"2022_1242_1361",0.68264653231772
"2022_1242_1362",0.677980960368983
"2022_1242_1371",0.714070636621701
"2022_1242_1388",0.679521678478425
"2022_1242_1389",0.904440587960629
"2022_1242_1394",0.95962921740986
"2022_1242_1395",0.704076300140332
"2022_1242_1397",0.458763578059763
"2022_1242_1400",0.588452183810791
"2022_1242_1403",0.510845109080052
"2022_1242_1411",0.937736264929642
"2022_1242_1412",0.732568575039286
"2022_1242_1417",0.50200597872689
"2022_1242_1425",0.721679833308953
"2022_1242_1436",0.797786522052931
"2022_1242_1437",0.511255311809778
"2022_1242_1439",0.688683715759319
"2022_1242_1458",0.769490538737851
"2022_1242_1460",0.932457113504464
"2022_1242_1461",0.804153366037045
"2022_1242_1463",0.927678641795423
"2022_1246_1255",0.914295762455239
"2022_1246_1260",0.7063036033397
"2022_1246_1261",0.604113509357395
"2022_1246_1266",0.831996336746484
"2022_1246_1272",0.673124627799386
"2022_1246_1274",0.849664530310444
"2022_1246_1276",0.748875379303363
"2022_1246_1277",0.748489207481679
"2022_1246_1286",0.926407087085183
"2022_1246_1293",0.697168917294026
"2022_1246_1308",0.846668714751731
"2022_1246_1313",0.946853879132613
"2022_1246_1314",0.762594439627171
"2022_1246_1323",0.855954503308927
"2022_1246_1326",0.745722414523562
"2022_1246_1344",0.795450123541897
"2022_1246_1345",0.498436937824353
"2022_1246_1350",0.881761637689164
"2022_1246_1353",0.853738345239133
"2022_1246_1355",0.843254845364822
"2022_1246_1361",0.722605138054053
"2022_1246_1362",0.718284587357887
"2022_1246_1371",0.751512821597791
"2022_1246_1388",0.719712191461623
"2022_1246_1389",0.919755406344054
"2022_1246_1394",0.966427551504681
"2022_1246_1395",0.742355022339742
"2022_1246_1397",0.506534312301983
"2022_1246_1400",0.633910605375397
"2022_1246_1403",0.558443428327501
"2022_1246_1411",0.948021623709811
"2022_1246_1412",0.76837419884263
"2022_1246_1417",0.54970624848387
"2022_1246_1425",0.758462643305788
"2022_1246_1436",0.826923288625392
"2022_1246_1437",0.558848185459964
"2022_1246_1439",0.728184844598534
"2022_1246_1458",0.801690977105856
"2022_1246_1460",0.943562050910726
"2022_1246_1461",0.8325652765646
"2022_1246_1463",0.939518263693468
"2022_1255_1260",0.175540885424517
"2022_1255_1261",0.119022493147854
"2022_1255_1266",0.304806743349563
"2022_1255_1272",0.154203887299457
"2022_1255_1274",0.333503430612489
"2022_1255_1276",0.208873197191001
"2022_1255_1277",0.20853425218319
"2022_1255_1286",0.527076198389892
"2022_1255_1293",0.169313334638914
"2022_1255_1308",0.328352585865746
"2022_1255_1313",0.612004402889857
"2022_1255_1314",0.221422184100608
"2022_1255_1323",0.344734451819114
"2022_1255_1326",0.206127612154521
"2022_1255_1344",0.256115384385089
"2022_1255_1345",0.0808683791774486
"2022_1255_1350",0.39768148135382
"2022_1255_1353",0.340711174466807
"2022_1255_1355",0.322631151437636
"2022_1255_1361",0.187409194486854
"2022_1255_1362",0.184164146423768
"2022_1255_1371",0.211208345404243
"2022_1255_1388",0.185228162343398
"2022_1255_1389",0.503668484378074
"2022_1255_1394",0.718199175932198
"2022_1255_1395",0.203249196527853
"2022_1255_1397",0.0833088791584399
"2022_1255_1400",0.132926916825342
"2022_1255_1403",0.100696728782851
"2022_1255_1411",0.617557848047712
"2022_1255_1412",0.227022559340064
"2022_1255_1417",0.0975392542748849
"2022_1255_1425",0.217535792381561
"2022_1255_1436",0.297260551583032
"2022_1255_1437",0.100845485623953
"2022_1255_1439",0.19171241348476
"2022_1255_1458",0.263577318101714
"2022_1255_1460",0.596804049450901
"2022_1255_1461",0.305671092489367
"2022_1255_1463",0.579000486082526
"2022_1260_1261",0.415420306259441
"2022_1260_1266",0.69753884574289
"2022_1260_1272",0.489530185451107
"2022_1260_1274",0.724667892440758
"2022_1260_1276",0.581366704569894
"2022_1260_1277",0.580867111622997
"2022_1260_1286",0.854274533597378
"2022_1260_1293",0.517396889885545
"2022_1260_1308",0.720002043343098
"2022_1260_1313",0.89243542208975
"2022_1260_1314",0.599340885505616
"2022_1260_1323",0.734553813034696
"2022_1260_1326",0.57729771819189
"2022_1260_1344",0.644250181610972
"2022_1260_1345",0.316373298196324
"2022_1260_1350",0.776430057696181
"2022_1260_1353",0.731056746935953
"2022_1260_1355",0.714718235625782
"2022_1260_1361",0.548146367921518
"2022_1260_1362",0.542827687283065
"2022_1260_1371",0.584787991436649
"2022_1260_1388",0.544580681454913
"2022_1260_1389",0.842213604615852
"2022_1260_1394",0.930581980082387
"2022_1260_1395",0.57297710062321
"2022_1260_1397",0.323420162658598
"2022_1260_1400",0.446405061998784
"2022_1260_1403",0.370659235537788
"2022_1260_1411",0.894665849956974
"2022_1260_1412",0.607047143293314
"2022_1260_1417",0.362448419489599
"2022_1260_1425",0.593880940886639
"2022_1260_1436",0.689918886534966
"2022_1260_1437",0.371042257387634
"2022_1260_1439",0.555074567936923
"2022_1260_1458",0.653092314450077
"2022_1260_1460",0.88617814424047
"2022_1260_1461",0.698398060869401
"2022_1260_1463",0.878552000639036
"2022_1261_1266",0.701185077042475
"2022_1261_1272",0.493864493906173
"2022_1261_1274",0.728114553008537
"2022_1261_1276",0.58558136860892
"2022_1261_1277",0.585083215716526
"2022_1261_1286",0.85642021040226
"2022_1261_1293",0.521725757853563
"2022_1261_1308",0.72348482487715
"2022_1261_1313",0.89408887531459
"2022_1261_1314",0.603498007913541
"2022_1261_1323",0.737921475728854
"2022_1261_1326",0.581523860098351
"2022_1261_1344",0.648214838426307
"2022_1261_1345",0.320135962083922
"2022_1261_1350",0.77942597786138
"2022_1261_1353",0.734452737324383
"2022_1261_1355",0.718241020817169
"2022_1261_1361",0.552438007807772
"2022_1261_1362",0.547128107470929
"2022_1261_1371",0.588992562149877
"2022_1261_1388",0.548878315860197
"2022_1261_1389",0.84450454342947
"2022_1261_1394",0.931693935654071
"2022_1261_1395",0.577214804161941
"2022_1261_1397",0.327226519401021
"2022_1261_1400",0.450694658737594
"2022_1261_1403",0.374713642258191
"2022_1261_1411",0.896289002018049
"2022_1261_1412",0.611176180682212
"2022_1261_1417",0.366465311380178
"2022_1261_1425",0.598056721677503
"2022_1261_1436",0.693616629817903
"2022_1261_1437",0.375098356645018
"2022_1261_1439",0.559353302867834
"2022_1261_1458",0.65701089190757
"2022_1261_1460",0.887915702372674
"2022_1261_1461",0.702038358697914
"2022_1261_1463",0.880390263193438
"2022_1266_1272",0.319971961835752
"2022_1266_1274",0.563583923095979
"2022_1266_1276",0.405251948437543
"2022_1266_1277",0.404757371865949
"2022_1266_1286",0.742023582449287
"2022_1266_1293",0.3447043046519
"2022_1266_1308",0.557853835448114
"2022_1266_1313",0.802793716771053
"2022_1266_1314",0.423286653340876
"2022_1266_1323",0.575868514508267
"2022_1266_1326",0.401234192126823
"2022_1266_1344",0.470495349862433
"2022_1266_1345",0.185049435238865
"2022_1266_1350",0.630174847199469
"2022_1266_1353",0.571500407008522
"2022_1266_1355",0.551416547492789
"2022_1266_1361",0.373125570614173
"2022_1266_1362",0.368121585784062
"2022_1266_1371",0.408648515797688
"2022_1266_1388",0.36976671362982
"2022_1266_1389",0.72367730263753
"2022_1266_1394",0.868029628833743
"2022_1266_1395",0.396993716273589
"2022_1266_1397",0.189984107893481
"2022_1266_1400",0.283488693582109
"2022_1266_1403",0.224191519054396
"2022_1266_1411",0.806479860963721
"2022_1266_1412",0.431165267967801
"2022_1266_1417",0.218100834613156
"2022_1266_1425",0.417758260810037
"2022_1266_1436",0.521917155951848
"2022_1266_1437",0.224477173522039
"2022_1266_1439",0.379700529906749
"2022_1266_1458",0.48017153034837
"2022_1266_1460",0.792534037163624
"2022_1266_1461",0.531873192582632
"2022_1266_1463",0.780189947969459
"2022_1272_1274",0.59924185307762
"2022_1272_1276",0.441015454238374
"2022_1272_1277",0.440509558661614
"2022_1272_1286",0.769075769700443
"2022_1272_1293",0.378525222288183
"2022_1272_1308",0.593642377481583
"2022_1272_1313",0.824976475792038
"2022_1272_1314",0.459412321621809
"2022_1272_1323",0.611215131969192
"2022_1272_1326",0.436903596791586
"2022_1272_1344",0.507107302472952
"2022_1272_1345",0.208182233905982
"2022_1272_1350",0.663639142779946
"2022_1272_1353",0.606962600410281
"2022_1272_1355",0.587340705530909
"2022_1272_1361",0.407998845911487
"2022_1272_1362",0.402827709016469
"2022_1272_1371",0.444487751332197
"2022_1272_1388",0.404528642166092
"2022_1272_1389",0.752010372947911
"2022_1272_1394",0.883935231560022
"2022_1272_1395",0.432558479018815
"2022_1272_1397",0.213572120293176
"2022_1272_1400",0.314183090421627
"2022_1272_1403",0.250712102239672
"2022_1272_1411",0.828336646524397
"2022_1272_1412",0.467418366161993
"2022_1272_1417",0.244127645782802
"2022_1272_1425",0.453783356872603
"2022_1272_1436",0.558311417982303
"2022_1272_1437",0.251020614493886
"2022_1272_1439",0.41478171549596
"2022_1272_1458",0.516801546860832
"2022_1272_1460",0.815605779836919
"2022_1272_1461",0.568136681971172
"2022_1272_1463",0.804295463089834
"2022_1274_1276",0.354992761633302
"2022_1274_1277",0.354522959808558
"2022_1274_1286",0.699091965095835
"2022_1274_1293",0.298189371015124
"2022_1274_1308",0.504730167129452
"2022_1274_1313",0.766796905489879
"2022_1274_1314",0.37219049884184
"2022_1274_1323",0.523058784679771
"2022_1274_1326",0.351179067677476
"2022_1274_1344",0.417829207870323
"2022_1274_1345",0.154983213372642
"2022_1274_1350",0.579185758344754
"2022_1274_1353",0.518601454105021
"2022_1274_1355",0.498215142251286
"2022_1274_1361",0.324675636837162
"2022_1274_1362",0.319989741134456
"2022_1274_1371",0.358221805049189
"2022_1274_1388",0.321529221784044
"2022_1274_1389",0.679013287276657
"2022_1274_1394",0.841590910026075
"2022_1274_1395",0.347160885621968
"2022_1274_1397",0.15927281338326
"2022_1274_1400",0.242181398076644
"2022_1274_1403",0.189242422511721
"2022_1274_1411",0.77096393346115
"2022_1274_1412",0.379744294418373
"2022_1274_1417",0.183876174687012
"2022_1274_1425",0.366904887762986
"2022_1274_1436",0.468588822050031
"2022_1274_1437",0.189494423220477
"2022_1274_1439",0.330847431885312
"2022_1274_1458",0.427296315976648
"2022_1274_1460",0.755235468555921
"2022_1274_1461",0.478545843872173
"2022_1274_1463",0.741396276694913
"2022_1276_1277",0.518084398050777
"2022_1276_1286",0.819736503961893
"2022_1276_1293",0.454042789531424
"2022_1276_1308",0.666079684935613
"2022_1276_1313",0.865518015297323
"2022_1276_1314",0.537120257841039
"2022_1276_1323",0.682196896773716
"2022_1276_1326",0.514427289722028
"2022_1276_1344",0.584164915910733
"2022_1276_1345",0.264160725314595
"2022_1276_1350",0.729288838509547
"2022_1276_1353",0.678312138656104
"2022_1276_1355",0.660258463787804
"2022_1276_1361",0.484809481382718
"2022_1276_1362",0.479453262878334
"2022_1276_1371",0.522109397646589
"2022_1276_1388",0.481217021010819
"2022_1276_1389",0.805467977583717
"2022_1276_1394",0.912272143671262
"2022_1276_1395",0.51000948521709
"2022_1276_1397",0.270504791963335
"2022_1276_1400",0.384812397240616
"2022_1276_1403",0.313597354694416
"2022_1276_1411",0.868224178789767
"2022_1276_1412",0.545114961358086
"2022_1276_1417",0.306035896294399
"2022_1276_1425",0.531475243664075
"2022_1276_1436",0.633154872728137
"2022_1276_1437",0.313950826592492
"2022_1276_1439",0.491808468179086
"2022_1276_1458",0.593558304500083
"2022_1276_1460",0.857944138279686
"2022_1276_1461",0.642381673043796
"2022_1276_1463",0.848749167259557
"2022_1277_1286",0.790592211565037
"2022_1277_1293",0.408441071281714
"2022_1277_1308",0.623502748606811
"2022_1277_1313",0.842352021976795
"2022_1277_1314",0.490673639891222
"2022_1277_1323",0.640566049941693
"2022_1277_1326",0.467959138116693
"2022_1277_1344",0.538381863555047
"2022_1277_1345",0.229609323139335
"2022_1277_1350",0.691032965076134
"2022_1277_1353",0.636443601049019
"2022_1277_1355",0.617365671682621
"2022_1277_1361",0.438600135818374
"2022_1277_1362",0.433325041421998
"2022_1277_1371",0.475627032840133
"2022_1277_1388",0.435060932328667
"2022_1277_1389",0.774650976829869
"2022_1277_1394",0.89619411498212
"2022_1277_1395",0.463559424858029
"2022_1277_1397",0.235389046853186
"2022_1277_1400",0.341810627371103
"2022_1277_1403",0.274996313847747
"2022_1277_1411",0.845441106629963
"2022_1277_1412",0.498721875054295
"2022_1277_1417",0.268002198033074
"2022_1277_1425",0.485005292556938
"2022_1277_1436",0.58897042448952
"2022_1277_1437",0.275323728544308
"2022_1277_1439",0.445508893999288
"2022_1277_1458",0.548009252771704
"2022_1277_1460",0.833724106309927
"2022_1277_1461",0.598604009155432
"2022_1277_1463",0.823284334949408
"2022_1286_1293",0.163260946899614
"2022_1286_1308",0.318796883653749
"2022_1286_1313",0.601587637259163
"2022_1286_1314",0.213986919230831
"2022_1286_1323",0.334939749998814
"2022_1286_1326",0.199074613974156
"2022_1286_1344",0.24788604729407
"2022_1286_1345",0.0776819447221746
"2022_1286_1350",0.387271523462354
"2022_1286_1353",0.330973045238593
"2022_1286_1355",0.313164319071076
"2022_1286_1361",0.180850770926025
"2022_1286_1362",0.177694450850279
"2022_1286_1371",0.204026180070547
"2022_1286_1388",0.178729276629221
"2022_1286_1389",0.492753852965972
"2022_1286_1394",0.709279139287706
"2022_1286_1395",0.196270338330938
"2022_1286_1397",0.0800346558244051
"2022_1286_1400",0.12797483869446
"2022_1286_1403",0.096811296001716
"2022_1286_1411",0.607194483784755
"2022_1286_1412",0.219452242858456
"2022_1286_1417",0.0937629517061109
"2022_1286_1425",0.210195798394707
"2022_1286_1436",0.288221398381592
"2022_1286_1437",0.0969549318075136
"2022_1286_1439",0.185037689686326
"2022_1286_1458",0.255190469559653
"2022_1286_1460",0.586255081460312
"2022_1286_1461",0.29648409002489
"2022_1286_1463",0.568322637876107
"2022_1293_1308",0.681026718342605
"2022_1293_1313",0.873236714374503
"2022_1293_1314",0.553974369198131
"2022_1293_1323",0.696750941692705
"2022_1293_1326",0.531386789453307
"2022_1293_1344",0.600579879336287
"2022_1293_1345",0.27758617397391
"2022_1293_1350",0.742500298311607
"2022_1293_1353",0.692964019286744
"2022_1293_1355",0.675339060585666
"2022_1293_1361",0.501801615610186
"2022_1293_1362",0.496438564068514
"2022_1293_1371",0.539041009752026
"2022_1293_1388",0.498205003980927
"2022_1293_1389",0.815900183375607
"2022_1293_1394",0.917562944301534
"2022_1293_1395",0.526981405268933
"2022_1293_1397",0.284128168105485
"2022_1293_1400",0.401027890568443
"2022_1293_1403",0.328413954965452
"2022_1293_1411",0.875809842154682
"2022_1293_1412",0.561915399192206
"2022_1293_1417",0.320662136494824
"2022_1293_1425",0.548362067052575
"2022_1293_1436",0.648798616089415
"2022_1293_1437",0.328776128117193
"2022_1293_1439",0.508803643519577
"2022_1293_1458",0.609850116061679
"2022_1293_1460",0.866030259331821
"2022_1293_1461",0.657844577751451
"2022_1293_1463",0.857271612714901
"2022_1308_1313",0.749029691173737
"2022_1308_1314",0.349849860033316
"2022_1308_1323",0.498858087886362
"2022_1308_1326",0.329437827361236
"2022_1308_1344",0.394470392003021
"2022_1308_1345",0.142716570118284
"2022_1308_1350",0.555412323214073
"2022_1308_1353",0.494393211039555
"2022_1308_1355",0.474021482188793
"2022_1308_1361",0.303806905070857
"2022_1308_1362",0.299288718059685
"2022_1308_1371",0.336270529380908
"2022_1308_1388",0.300772656146217
"2022_1308_1389",0.65754494564743
"2022_1308_1394",0.828245703794101
"2022_1308_1395",0.325543592219153
"2022_1308_1397",0.14672560797252
"2022_1308_1400",0.224849608932036
"2022_1308_1403",0.174825216942743
"2022_1308_1411",0.753412100925598
"2022_1308_1412",0.357208222792704
"2022_1308_1417",0.169782178279622
"2022_1308_1425",0.344707316407549
"2022_1308_1436",0.44455923431725
"2022_1308_1437",0.175062164673894
"2022_1308_1439",0.30976396425875
"2022_1308_1458",0.403775318060227
"2022_1308_1460",0.736889656331678
"2022_1308_1461",0.454442301007024
"2022_1308_1463",0.722394457670061
"2022_1313_1314",0.178487732079686
"2022_1313_1323",0.286693924200043
"2022_1313_1326",0.165528314735976
"2022_1313_1344",0.208253175547045
"2022_1313_1345",0.0629830504700485
"2022_1313_1350",0.335287935126224
"2022_1313_1353",0.283055413563011
"2022_1313_1355",0.26679681186841
"2022_1313_1361",0.149801023518375
"2022_1313_1362",0.147089297569416
"2022_1313_1371",0.169822405464039
"2022_1313_1388",0.147977964323389
"2022_1313_1389",0.436702660257913
"2022_1313_1394",0.660678015096493
"2022_1313_1395",0.163100360505246
"2022_1313_1397",0.0649219201203508
"2022_1313_1400",0.104841317172122
"2022_1313_1403",0.078802024806077
"2022_1313_1411",0.552299519445247
"2022_1313_1412",0.183257777955708
"2022_1313_1417",0.0762728592947994
"2022_1313_1425",0.175185362371349
"2022_1313_1436",0.244233739322994
"2022_1313_1437",0.0789212756286901
"2022_1313_1439",0.153403720880951
"2022_1313_1458",0.214723156284239
"2022_1313_1460",0.530695572202761
"2022_1313_1461",0.251681293341088
"2022_1313_1463",0.512358074140723
"2022_1314_1323",0.714992177221217
"2022_1314_1326",0.553196371879093
"2022_1314_1344",0.621463165080281
"2022_1314_1345",0.295548752493911
"2022_1314_1350",0.758941692489797
"2022_1314_1353",0.711338674274548
"2022_1314_1355",0.694303180621702
"2022_1314_1361",0.523754077491001
"2022_1314_1362",0.518400539848428
"2022_1314_1371",0.560788799225221
"2022_1314_1388",0.520164403214151
"2022_1314_1389",0.828735986688533
"2022_1314_1394",0.923971119381409
"2022_1314_1395",0.548821935329955
"2022_1314_1397",0.302336910186832
"2022_1314_1400",0.42230880247908
"2022_1314_1403",0.348080825717537
"2022_1314_1411",0.885057078522931
"2022_1314_1412",0.583418016402454
"2022_1314_1417",0.340099877749881
"2022_1314_1425",0.570020881274153
"2022_1314_1436",0.668552159652585
"2022_1314_1437",0.348453434267816
"2022_1314_1439",0.530736099424073
"2022_1314_1458",0.630546875898515
"2022_1314_1460",0.875902505708017
"2022_1314_1461",0.677342357566748
"2022_1314_1463",0.867690678749054
"2022_1323_1326",0.48507824555877
"2022_1323_1344",0.555387920312736
"2022_1323_1345",0.241974638570354
"2022_1323_1350",0.705491635054254
"2022_1323_1353",0.652171026121028
"2022_1323_1355",0.633443073014233
"2022_1323_1361",0.455564861974611
"2022_1323_1362",0.450249370735904
"2022_1323_1371",0.492766846922527
"2022_1323_1388",0.451998981782311
"2022_1323_1389",0.786406091772751
"2022_1323_1394",0.902407798743363
"2022_1323_1395",0.480662989520616
"2022_1323_1397",0.247965436843939
"2022_1323_1400",0.357415062342064
"2022_1323_1403",0.28888931342816
"2022_1323_1411",0.854198546393543
"2022_1323_1412",0.515875176290809
"2022_1323_1417",0.281679133052314
"2022_1323_1425",0.502159423222775
"2022_1323_1436",0.605478487624818
"2022_1323_1437",0.289226670529157
"2022_1323_1439",0.462520686517053
"2022_1323_1458",0.564947238624313
"2022_1323_1460",0.843022172190112
"2022_1323_1461",0.614978092889428
"2022_1323_1463",0.833049286148395
"2022_1326_1344",0.566707763249266
"2022_1326_1345",0.250505664622158
"2022_1326_1350",0.714951262951718
"2022_1326_1353",0.662524054093019
"2022_1326_1355",0.64404929025001
"2022_1326_1361",0.466987094764649
"2022_1326_1362",0.461651338675546
"2022_1326_1371",0.504257913344812
"2022_1326_1388",0.463407908423464
"2022_1326_1389",0.794025536329577
"2022_1326_1394",0.906381784112019
"2022_1326_1395",0.492145660336013
"2022_1326_1397",0.256636166415731
"2022_1326_1400",0.368039978688124
"2022_1326_1403",0.298423195209216
"2022_1326_1411",0.859830703805083
"2022_1326_1412",0.52734487642609
"2022_1326_1417",0.29107246315926
"2022_1326_1425",0.513647719750242
"2022_1326_1436",0.616403854158251
"2022_1326_1437",0.298767008113334
"2022_1326_1439",0.473965493141884
"2022_1326_1458",0.576209413316935
"2022_1326_1460",0.849009747276058
"2022_1326_1461",0.625802971703975
"2022_1326_1463",0.839344763221238
"2022_1344_1345",0.211807067208606
"2022_1344_1350",0.668499056958886
"2022_1344_1353",0.612162838046499
"2022_1344_1355",0.592626313060567
"2022_1344_1361",0.413286908077719
"2022_1344_1362",0.408094950379531
"2022_1344_1371",0.449889342305946
"2022_1344_1388",0.409802861838442
"2022_1344_1389",0.756062786214408
"2022_1344_1394",0.886158203712342
"2022_1344_1395",0.437929384984382
"2022_1344_1397",0.217265050697047
"2022_1344_1400",0.318910236235148
"2022_1344_1403",0.254839127993474
"2022_1344_1411",0.831421404842939
"2022_1344_1412",0.472861417315784
"2022_1344_1417",0.24818218414922
"2022_1344_1425",0.459204532100212
"2022_1344_1436",0.563692639712821
"2022_1344_1437",0.255150989384403
"2022_1344_1439",0.420095305802768
"2022_1344_1458",0.522255747552159
"2022_1344_1460",0.818869284486094
"2022_1344_1461",0.573489645055877
"2022_1344_1463",0.807711949932907
"2022_1345_1350",0.859636198767357
"2022_1345_1353",0.827395514652494
"2022_1345_1355",0.815432054073365
"2022_1345_1361",0.681456510759671
"2022_1345_1362",0.676781727259032
"2022_1345_1371",0.712948900779938
"2022_1345_1388",0.678325460813382
"2022_1345_1389",0.903965254220621
"2022_1345_1394",0.959416085930374
"2022_1345_1395",0.702931667061241
"2022_1345_1397",0.457401324761641
"2022_1345_1400",0.587122579178042
"2022_1345_1403",0.509473780036966
"2022_1345_1411",0.937415090807449
"2022_1345_1412",0.731492120913569
"2022_1345_1417",0.500634092847852
"2022_1345_1425",0.72057626793321
"2022_1345_1436",0.796899800524713
"2022_1345_1437",0.509884029431117
"2022_1345_1439",0.687505969462799
"2022_1345_1458",0.768515740000297
"2022_1345_1460",0.93211067948232
"2022_1345_1461",0.803287679520377
"2022_1345_1463",0.927309609164498
"2022_1350_1353",0.518320361864604
"2022_1350_1355",0.497933670471798
"2022_1350_1361",0.32442881836751
"2022_1350_1362",0.319744798285204
"2022_1350_1371",0.357963002284096
"2022_1350_1388",0.321283657277449
"2022_1350_1389",0.678767842312161
"2022_1350_1394",0.841440751687898
"2022_1350_1395",0.34690575447368
"2022_1350_1397",0.159122107077138
"2022_1350_1400",0.241974821416175
"2022_1350_1403",0.189069735829135
"2022_1350_1411",0.770765062345655
"2022_1350_1412",0.379479136571117
"2022_1350_1417",0.183707275241034
"2022_1350_1425",0.366643395622681
"2022_1350_1436",0.468308466919667
"2022_1350_1437",0.189321560280429
"2022_1350_1439",0.330598218439166
"2022_1350_1458",0.427020813927407
"2022_1350_1460",0.755027279957651
"2022_1350_1461",0.478264892958581
"2022_1350_1463",0.741180350921606
"2022_1353_1355",0.469610098227617
"2022_1353_1361",0.30007586253397
"2022_1353_1362",0.295589604262795
"2022_1353_1371",0.332331116202362
"2022_1353_1388",0.297062976919973
"2022_1353_1389",0.653547796432882
"2022_1353_1394",0.825712873508025
"2022_1353_1395",0.32166894254234
"2022_1353_1397",0.14452321030803
"2022_1353_1400",0.221779339547111
"2022_1353_1403",0.172286198463381
"2022_1353_1411",0.750108668930359
"2022_1353_1412",0.35315403454469
"2022_1353_1417",0.16730155139704
"2022_1353_1425",0.340719803322627
"2022_1353_1436",0.44019256923071
"2022_1353_1437",0.1725204244232
"2022_1353_1439",0.305991917994373
"2022_1353_1458",0.399521106298613
"2022_1353_1460",0.733443191675307
"2022_1353_1461",0.450057217726661
"2022_1353_1463",0.718830569269974
"2022_1355_1361",0.376698583218875
"2022_1355_1362",0.371675091207981
"2022_1355_1371",0.412337943447014
"2022_1355_1388",0.373326717046529
"2022_1355_1389",0.726715675681347
"2022_1355_1394",0.869766385857527
"2022_1355_1395",0.400649210782122
"2022_1355_1397",0.192341470982317
"2022_1355_1400",0.286595776478349
"2022_1355_1403",0.226854461959722
"2022_1355_1411",0.808848250995624
"2022_1355_1412",0.434908476172991
"2022_1355_1417",0.220712014127981
"2022_1355_1425",0.42147131566087
"2022_1355_1436",0.525720080699707
"2022_1355_1437",0.227142516018197
"2022_1355_1439",0.383298006501824
"2022_1355_1458",0.483978205987253
"2022_1355_1460",0.795029724807556
"2022_1355_1461",0.535667379465046
"2022_1355_1463",0.782793430859939
"2022_1361_1362",0.46392361795948
"2022_1361_1371",0.50654258261209
"2022_1361_1388",0.465681354754634
"2022_1361_1389",0.795516318061392
"2022_1361_1394",0.907154452573849
"2022_1361_1395",0.494430184378337
"2022_1361_1397",0.258383670016735
"2022_1361_1400",0.370168315894312
"2022_1361_1403",0.300340275871591
"2022_1361_1411",0.860928626165806
"2022_1361_1412",0.52962239696139
"2022_1361_1417",0.292962041001123
"2022_1361_1425",0.515930656502452
"2022_1361_1436",0.618562639744349
"2022_1361_1437",0.300685350840234
"2022_1361_1439",0.476244764522437
"2022_1361_1458",0.578439701524915
"2022_1361_1460",0.850177659461335
"2022_1361_1461",0.627940789153693
"2022_1361_1463",0.840573396052035
"2022_1362_1371",0.55592313183017
"2022_1362_1388",0.515237722911551
"2022_1362_1389",0.825917234402116
"2022_1362_1394",0.922573355640865
"2022_1362_1395",0.543931511907426
"2022_1362_1397",0.298191238628408
"2022_1362_1400",0.417502521910698
"2022_1362_1403",0.343616843409702
"2022_1362_1411",0.883034459213634
"2022_1362_1412",0.578614666903567
"2022_1362_1417",0.335685544514778
"2022_1362_1425",0.565178187321518
"2022_1362_1436",0.664165381272083
"2022_1362_1437",0.343987194831819
"2022_1362_1439",0.525819014612695
"2022_1362_1458",0.625938527624085
"2022_1362_1460",0.873741776315157
"2022_1362_1461",0.673015017980293
"2022_1362_1463",0.865408939124399
"2022_1371_1388",0.443540858619152
"2022_1371_1389",0.78060407893832
"2022_1371_1394",0.899353548809315
"2022_1371_1395",0.472130604715681
"2022_1371_1397",0.241641772350995
"2022_1371_1400",0.349597737461168
"2022_1371_1403",0.281913229944094
"2022_1371_1411",0.849886516138583
"2022_1371_1412",0.507328338137571
"2022_1371_1417",0.274809875118238
"2022_1371_1425",0.493608133808047
"2022_1371_1436",0.597278623284863
"2022_1371_1437",0.282245673969344
"2022_1371_1439",0.454028800374013
"2022_1371_1458",0.556521979680217
"2022_1371_1460",0.838442120185358
"2022_1371_1461",0.606847466771174
"2022_1371_1463",0.828237545610769
"2022_1388_1389",0.841334165485403
"2022_1388_1394",0.930154225283817
"2022_1388_1395",0.571360773387738
"2022_1388_1397",0.321977012164036
"2022_1388_1400",0.444773892460411
"2022_1388_1403",0.369120296223914
"2022_1388_1411",0.894041978937855
"2022_1388_1412",0.605470978990458
"2022_1388_1417",0.360924019918807
"2022_1388_1425",0.592287435278378
"2022_1388_1436",0.688504559507256
"2022_1388_1437",0.369502661494461
"2022_1388_1439",0.553443289624991
"2022_1388_1458",0.651594840543364
"2022_1388_1460",0.885510435515851
"2022_1388_1461",0.69700542366797
"2022_1388_1463",0.877845721681829
"2022_1389_1394",0.726661600396354
"2022_1389_1395",0.210169292338522
"2022_1389_1397",0.0865891274932342
"2022_1389_1400",0.137867024825102
"2022_1389_1403",0.104583506529471
"2022_1389_1411",0.627474896712489
"2022_1389_1412",0.234513832239378
"2022_1389_1417",0.101317887888948
"2022_1389_1425",0.224805064162271
"2022_1389_1436",0.306151562618241
"2022_1389_1437",0.104737336489707
"2022_1389_1439",0.198337492507168
"2022_1389_1458",0.27185059931599
"2022_1389_1460",0.606916713846474
"2022_1389_1461",0.314701008631684
"2022_1389_1463",0.58925236009629
"2022_1394_1395",0.0662419827635169
"2022_1394_1397",0.0246502482190619
"2022_1394_1400",0.040890107279124
"2022_1394_1403",0.0301984542460584
"2022_1394_1411",0.309897535568697
"2022_1394_1412",0.0755088099028146
"2022_1394_1417",0.0291798166989571
"2022_1394_1425",0.0717656360031091
"2022_1394_1436",0.105253296175599
"2022_1394_1437",0.0302465684488722
"2022_1394_1439",0.0618780040732634
"2022_1394_1458",0.0905241967272786
"2022_1394_1460",0.291599659801737
"2022_1394_1461",0.109074485038376
"2022_1394_1463",0.27665359294508
"2022_1395_1397",0.206862687351335
"2022_1395_1400",0.305540929720489
"2022_1395_1403",0.243196718148477
"2022_1395_1411",0.822513397986978
"2022_1395_1412",0.457372192181151
"2022_1395_1417",0.236747274629335
"2022_1395_1425",0.443786043129438
"2022_1395_1436",0.548322984618252
"2022_1395_1437",0.243498987754137
"2022_1395_1439",0.405006537519795
"2022_1395_1458",0.50670380067458
"2022_1395_1460",0.809450013987918
"2022_1395_1461",0.558194614361993
"2022_1395_1463",0.797855698406468
"2022_1397_1400",0.612861262994952
"2022_1397_1403",0.536229455724131
"2022_1397_1411",0.94342099212265
"2022_1397_1412",0.752031927173745
"2022_1397_1417",0.527424688765357
"2022_1397_1425",0.741656187187011
"2022_1397_1436",0.813710401806928
"2022_1397_1437",0.536637679821462
"2022_1397_1439",0.710076936278434
"2022_1397_1458",0.787047883367469
"2022_1397_1460",0.938592268115302
"2022_1397_1461",0.81968918820139
"2022_1397_1463",0.93421722064051
"2022_1400_1403",0.381378579964432
"2022_1400_1411",0.898894521896365
"2022_1400_1412",0.617890863133405
"2022_1400_1417",0.37307107179073
"2022_1400_1425",0.604851485499294
"2022_1400_1436",0.699607368943121
"2022_1400_1437",0.381765959315644
"2022_1400_1439",0.566327903149091
"2022_1400_1458",0.663370011719391
"2022_1400_1460",0.890705932111351
"2022_1400_1461",0.707933766189204
"2022_1400_1463",0.883343218390135
"2022_1403_1411",0.935351716076534
"2022_1403_1412",0.72463393527361
"2022_1403_1417",0.491974548152346
"2022_1403_1425",0.713548453397478
"2022_1403_1436",0.791235456476351
"2022_1403_1437",0.501225080417462
"2022_1403_1439",0.68001575531593
"2022_1403_1458",0.762295908937515
"2022_1403_1460",0.929885502940526
"2022_1403_1461",0.797756276213949
"2022_1403_1463",0.92493974213958
"2022_1411_1412",0.147595085815112
"2022_1411_1417",0.0599028653110262
"2022_1411_1425",0.140822735571125
"2022_1411_1436",0.199604872658547
"2022_1411_1437",0.062021032206093
"2022_1411_1439",0.12267810292502
"2022_1411_1458",0.174243516612796
"2022_1411_1460",0.465996961373792
"2022_1411_1461",0.206062586674218
"2022_1411_1463",0.44776208234216
"2022_1412_1417",0.237011319274469
"2022_1412_1425",0.444146628551607
"2022_1412_1436",0.548684719816853
"2022_1412_1437",0.243768157597218
"2022_1412_1439",0.405358577083149
"2022_1412_1458",0.507068903051015
"2022_1412_1460",0.809675209471611
"2022_1412_1461",0.558554808560509
"2022_1412_1463",0.798091178351891
"2022_1417_1425",0.740137475178276
"2022_1417_1436",0.812508189081602
"2022_1417_1437",0.53466992295359
"2022_1417_1439",0.708445559726451
"2022_1417_1458",0.785718916547844
"2022_1417_1460",0.938134702663385
"2022_1417_1461",0.81851695392561
"2022_1417_1463",0.933729357283147
"2022_1425_1436",0.59828949999896
"2022_1425_1437",0.283098175205468
"2022_1425_1439",0.455071192703466
"2022_1425_1458",0.557559377553683
"2022_1425_1460",0.839010813118855
"2022_1425_1461",0.607850094463413
"2022_1425_1463",0.828834826139456
"2022_1436_1437",0.304251824804887
"2022_1436_1439",0.480462909325628
"2022_1436_1458",0.58255622685907
"2022_1436_1460",0.852318141314093
"2022_1436_1461",0.631881558183757
"2022_1436_1463",0.84282572499819
"2022_1437_1439",0.708360563523501
"2022_1437_1458",0.785649631705206
"2022_1437_1460",0.938110817581274
"2022_1437_1461",0.818455823588147
"2022_1437_1463",0.933703891570072
"2022_1439_1458",0.606017224288849
"2022_1439_1460",0.864153503740672
"2022_1439_1461",0.654215848263204
"2022_1439_1463",0.855292660941621
"2022_1458_1460",0.860682731913095
"2022_1458_1461",0.6475688499823
"2022_1458_1463",0.851634369761366
"2022_1460_1461",0.206220723217737
"2022_1460_1463",0.448001038877191
"2022_1461_1463",0.820936627890411
