"","TeamID","OppID","Win","Loss","TeamPoints","OppPoints","Spread","TotalPoints"
"1","1108","1125",0.114432426405578,0.885567573594422,64.331666806407,78.176513791736,13.8448469853289,140.612591809908
"2","1108","1140",0.0811798946102235,0.918820105389777,62.3794033351164,77.9508251759232,15.5714218408066,138.867329279076
"3","1108","1156",0.277286596016551,0.722713403983449,69.4853140218477,74.2921203609851,4.80680633913724,141.629685384028
"4","1108","1160",0.0996831490716021,0.900316850928398,60.9038671280216,75.0250028139014,14.1211356858796,135.340380159801
"5","1108","1173",0.0774232209731899,0.92257677902681,54.9435643169908,71.0168679026148,16.0733035856237,127.352352805706
"6","1108","1196",0.0724702873243929,0.927529712675607,59.9402240291834,75.2900708157276,15.349846786544,134.78058963502
"7","1108","1233",0.119569831236784,0.880430168763216,65.3932364735277,77.5498204462376,12.1565839727098,140.961072088316
"8","1108","1253",0.240300712851671,0.759699287148329,69.634631920786,76.8685544817779,7.23392256099185,143.813917487455
"9","1108","1280",0.0622343866418458,0.937765613358154,59.747897658144,75.809251672692,16.0613540145479,135.042508568268
"10","1108","1283",0.102921842108079,0.897078157891921,63.3834498732091,77.8628425389239,14.4793926657146,139.60140052513
"11","1108","1311",0.352575001009846,0.647424998990154,70.1623247741032,73.6205104501671,3.45818567606377,141.634013250675
"12","1108","1317",0.0872979340615678,0.912702065938432,48.8307812396163,62.7974179843282,13.9666367447116,115.867477000315
"13","1108","1320",0.169118554178979,0.830881445821021,64.6319720425282,76.8826461638569,12.2506741213285,139.816418549419
"14","1108","1328",0.0744630824405165,0.925536917559484,56.9761476121761,74.0998301553036,17.1236825431273,131.451602748959
"15","1108","1332",0.06526775156607,0.93473224843393,63.6853173277884,79.85463015125,16.1693128234614,141.439379547087
"16","1108","1343",0.139175774646447,0.860824225353553,66.6775189734253,79.82769638152,13.1501774080945,143.815543351765
"17","1108","1365",0.10656422537884,0.89343577462116,68.0333456580505,82.2818472626606,14.2485016046099,146.868599995304
"18","1108","1374",0.0905242771343823,0.909475722865618,62.1356051958739,77.0602210307531,14.924615834879,137.958296516786
"19","1108","1382",0.123686362485843,0.876313637514157,60.7124451970444,73.6174612178722,12.9050160208276,134.059079644342
"20","1108","1387",0.0765078816621284,0.923492118337872,62.9173548716223,78.3090071216646,15.3916522500422,139.585429644301
"21","1108","1401",0.0460063831506607,0.953993616849339,60.4495537390464,77.9066152605413,17.4570615214947,137.285452377665
"22","1108","1402",0.218740640770017,0.781259359229983,61.1073331455258,68.2224570595578,7.11512391403189,130.052326914335
"23","1108","1405",0.099216324760359,0.900783675239641,65.6793760451794,79.4843942807011,13.8050182355215,142.740600629076
"24","1108","1406",0.0549595544723426,0.945040445527657,60.308924245003,76.4163381276717,16.1074138826686,135.97855483658
"25","1108","1429",0.0543936925754026,0.945606307424597,60.3073485209153,79.3806396737727,19.0732911528571,138.352681612328
"26","1108","1433",0.061320002490803,0.938679997509197,55.0793196065216,72.3894978470103,17.3101782404885,128.561070043528
"27","1108","1435",0.10818237561517,0.89181762438483,60.0908393117014,73.9881819599269,13.8973426482253,133.858037370402
"28","1108","1438",0.120437574448986,0.879562425551014,51.6269114589424,64.4082313120649,12.7813198531222,119.398901540699
"29","1108","1448",0.0475604289340393,0.952439571065961,64.6200417813275,84.1614081807362,19.5413663994084,145.639562803207
"30","1108","1450",0.066756727474321,0.933243272525679,59.75098504799,74.5719020740844,14.8209170260944,134.053454860921
"31","1108","1462",0.0786178420446327,0.921382157955367,63.3804319126726,79.0738276755892,15.6933957629165,140.569383183452
"32","1125","1140",0.443525774309411,0.556474225690589,71.976292813357,74.5449473244946,2.56865451113751,143.828384521842
"33","1125","1156",0.840283587056404,0.159716412943596,81.2885138851157,70.5952054903521,-10.6933083947636,148.125510313173
"34","1125","1160",0.499701922321035,0.500298077678965,70.5007566062622,71.6191249624727,1.11836835621046,140.301435402567
"35","1125","1173",0.313926933623866,0.686073066376134,64.2705683763358,70.0926535899413,5.82208521360532,134.085776459128
"36","1125","1196",0.298743538348836,0.701256461651164,69.2672280885284,74.3658565030541,5.09862841452559,141.514013288442
"37","1125","1233",0.650625704002828,0.349374295997172,77.1964363367957,73.8529055756047,-3.34353076119101,147.45689701746
"38","1125","1253",0.740491794447417,0.259508205552583,79.2315213990266,73.4626766303493,-5.76884476867731,148.774972730221
"39","1125","1280",0.374482425800761,0.625517574199239,69.3447871363846,72.4033738212636,3.05858668487889,140.003563811034
"40","1125","1283",0.508595327066762,0.491404672933238,72.9803393514497,74.4569646874952,1.4766253360455,144.562455767896
"41","1125","1311",0.830871759281225,0.169128240718775,79.7592142523438,70.2146325987384,-9.54458165360541,146.595068493441
"42","1125","1317",0.463185517616229,0.536814482383771,58.4276707178568,59.3915401329,0.963869415043018,120.828532243081
"43","1125","1320",0.647409263733272,0.352590736266728,74.2288615207687,73.4767683124282,-0.752093208340623,144.777473792184
"44","1125","1328",0.420550790630942,0.579449209369058,66.5730370904166,70.6939523038749,4.12091521345818,136.412657991726
"45","1125","1332",0.510321922894885,0.489678077105115,73.5520922249245,73.9670887610661,0.414996536141555,144.628066379197
"46","1125","1343",0.70700930693365,0.29299069306635,76.5442938705614,73.9401549913361,-2.60413887922533,147.004230183875
"47","1125","1365",0.518299624610253,0.481700375389747,77.6302351362911,78.8759694112318,1.24573427494074,151.82965523807
"48","1125","1374",0.473102881865191,0.526897118134809,71.7324946741145,73.6543431793245,1.92184850520985,142.919351759552
"49","1125","1382",0.560103660331393,0.439896339668607,70.309334675285,70.2115833664435,-0.0977513088415542,139.020134887108
"50","1125","1387",0.427707493407679,0.572292506592321,72.5142443498628,74.903129270236,2.38888492037303,144.546484887066
"51","1125","1401",0.418527468018769,0.581472531981231,70.3163286361825,72.0190738703574,1.70274523417486,140.474139209775
"52","1125","1402",0.716372263021223,0.283627736978777,70.7042226237663,64.8165792081291,-5.88764341563728,135.013382157101
"53","1125","1405",0.601648396936848,0.398351603063152,77.4825759084474,75.7874794100682,-1.69509649837933,149.23642555822
"54","1125","1406",0.464665357226802,0.535334642773198,70.175699142139,70.5287967374878,0.353097595348745,139.16724166869
"55","1125","1429",0.461943123762833,0.538056876237167,70.1741234180515,73.4930982835889,3.31897486553741,141.541368444438
"56","1125","1433",0.493672108272083,0.506327891727917,64.9460945036577,66.5019564568265,1.55586195316866,131.749756875638
"57","1125","1435",0.398101170289769,0.601898829710231,69.4178433710464,73.0639676472534,3.64612427620691,140.591461023824
"58","1125","1438",0.552620634373644,0.447379365626356,61.2238009371828,61.0023534606364,-0.221447476546507,124.359956783465
"59","1125","1448",0.4270322354425,0.5729677645575,74.4868166784635,78.2738667905519,3.78705011208849,148.828249635317
"60","1125","1450",0.392204990880527,0.607795009119473,69.3478745262305,71.1660242226558,1.81814969642523,139.014510103687
"61","1125","1462",0.317514838572319,0.682485161427681,72.7074359720176,78.1496133629158,5.44217739089805,147.302806836874
"62","1140","1156",0.8213954590797,0.1786045409203,77.8322443986869,67.0713488993106,-10.7608954993764,142.5321124714
"63","1140","1160",0.570291754341532,0.429708245658468,69.2507975048609,67.804231352227,-1.44656615263398,136.242807247172
"64","1140","1173",0.501476960128009,0.498523039871991,63.2904946938301,63.7960964409404,0.505601747110162,128.254779893078
"65","1140","1196",0.483616749517283,0.516383250482717,68.2871544060227,68.0692993540531,-0.217855051969568,135.683016722391
"66","1140","1233",0.619465851593936,0.380534148406064,73.7401668503669,70.3290489845632,-3.41111786580379,141.863499175687
"67","1140","1253",0.852142284739595,0.147857715260405,80.1878726826527,69.3567460008993,-10.8311266817534,146.251114261204
"68","1140","1280",0.443048074884528,0.556951925115472,68.0948280349833,68.5884802110176,0.493652176034338,135.944935655639
"69","1140","1283",0.578987559044203,0.421012440955797,71.7303802500484,70.6420710772496,-1.08830917279894,140.503827612502
"70","1140","1311",0.908445050561953,0.0915549494380468,80.7155655359699,66.1087019692884,-14.6068635666815,144.071210024425
"71","1140","1317",0.534124121557928,0.465875878442072,57.1777116164555,55.5766465226541,-1.6010650938016,116.769904087686
"72","1140","1320",0.787621487478945,0.212378512521055,75.1852128043949,69.3708376829782,-5.81437512141666,142.253615323168
"73","1140","1328",0.490931283529196,0.509068716470804,65.3230779890153,66.8790586936292,1.55598070461379,132.354029836331
"74","1140","1332",0.580670744830946,0.419329255169054,72.3021331235232,70.1521951508204,-2.14993797270288,140.569438223802
"75","1140","1343",0.762264862233856,0.237735137766144,75.2943347691601,70.1252613810904,-5.16907338806972,142.94560202848
"76","1140","1365",0.684862290065088,0.315137709934912,78.5865864199171,74.7700387817818,-3.81654763813538,149.305796769053
"77","1140","1374",0.418981376345361,0.581018623654639,70.2126501538176,72.3211131078339,2.10846295401613,140.633092014813
"78","1140","1382",0.62850689101216,0.37149310898784,69.0593755738837,66.3966897561977,-2.66268581768596,134.961506731713
"79","1140","1387",0.601511294091327,0.398488705908673,73.470595633489,70.797198640786,-2.67339699270304,142.02262641805
"80","1140","1401",0.488855020915474,0.511144979084526,69.0663695347812,68.2041802601117,-0.862189274669535,136.415511054381
"81","1140","1402",0.770435387891323,0.229564612108677,69.454263522365,61.0016855978833,-8.45257792448172,130.954754001706
"82","1140","1405",0.569013928884878,0.430986071115122,74.0263064220186,72.2636228190266,-1.76268360299207,143.643027716447
"83","1140","1406",0.535604472034694,0.464395527965306,68.9257400407378,66.7139031272421,-2.21183691349566,135.108613513296
"84","1140","1429",0.532880333220457,0.467119666779543,68.9241643166501,69.6782046733431,0.754040356692848,137.482740289043
"85","1140","1433",0.564371029288453,0.435628970711547,63.6961354022564,62.6870628465808,-1.00907255567574,127.691128720243
"86","1140","1435",0.59250931541526,0.40749068458474,68.4377696885407,66.7674104982525,-1.67035919028824,134.760464457773
"87","1140","1438",0.621400935707552,0.378599064292448,59.9738418357815,57.1874598503907,-2.78638198539093,120.301328628071
"88","1140","1448",0.497566008208057,0.502433991791943,73.2368575770623,74.4589731803065,1.22211560324414,144.769621479923
"89","1140","1450",0.565846289744485,0.434153710255515,70.3042258098567,67.0600935932058,-3.24413221665087,136.490651634671
"90","1140","1462",0.505628635895103,0.494371364104897,71.7273622895119,71.8530562139148,0.125693924402883,141.471810270823
"91","1156","1160",0.156760383743512,0.843239616256488,67.0690292587587,76.7258683755465,9.65683911678764,141.643679244886
"92","1156","1173",0.0784811837683387,0.921518816231661,60.8388410288324,75.199397003015,14.3605559741825,135.428020301447
"93","1156","1196",0.0734659593744179,0.926534040625582,65.8355007410248,79.4725999161278,13.6370991751028,142.856257130761
"94","1156","1233",0.121128099224248,0.878871900775752,71.2885131853692,81.7323495466377,10.4438363612685,149.036739584057
"95","1156","1253",0.346872701107976,0.653127298892024,75.7997940515231,78.569420043423,2.76962599189987,150.11721657254
"96","1156","1280",0.100256756359628,0.899743243640372,65.913059788881,77.5101172343369,11.5970574454559,141.345807653353
"97","1156","1283",0.161520815669241,0.838479184330759,69.5486120039462,79.563708100569,10.0150960966226,145.904699610215
"98","1156","1311",0.47763438149451,0.52236561850549,76.3274869048402,75.321376011812,-1.00611089302825,147.93731233576
"99","1156","1317",0.138373499870472,0.861626500129528,54.9959433703533,64.4982835459734,9.50234017562005,122.1707760854
"100","1156","1320",0.254705821248095,0.745294178751905,70.7971341732652,78.5835117255019,7.78637755223654,146.119717634504
"101","1156","1328",0.119008486993406,0.880991513006594,63.1413097429131,75.8006957169486,12.6593859740354,137.754901834045
"102","1156","1332",0.162458685140013,0.837541314859987,70.120364877421,79.0738321741397,8.95346729671871,145.970310221516
"103","1156","1343",0.309931953521133,0.690068046478867,73.1125665230579,79.0468984044098,5.93433188135184,148.346474026194
"104","1156","1365",0.166851289056166,0.833148710943834,74.1985077887875,83.9827128243055,9.78420503551787,153.171899080389
"105","1156","1374",0.14319133843042,0.85680866156958,68.300767326611,78.7610865923982,10.460319265787,144.261595601871
"106","1156","1382",0.191582878961916,0.808417121038084,66.8776073277815,75.3183267795172,8.44071945173561,140.362378729427
"107","1156","1387",0.122115134389225,0.877884865610775,69.0825170023593,80.0098726833096,10.9273556809502,145.888728729386
"108","1156","1401",0.118140136634939,0.881859863365061,66.884601288679,77.1258172834311,10.2412159947521,141.816383052095
"109","1156","1402",0.319775638152433,0.680224361847567,67.2724952762628,69.9233226212028,2.65082734493991,136.35562599942
"110","1156","1405",0.219428098037058,0.780571901962942,74.0508485609438,80.8942228231418,6.84337426219782,150.57866940054
"111","1156","1406",0.139084464177461,0.860915535822539,66.7439717946356,75.6355401505615,8.89156835592592,140.50948551101
"112","1156","1429",0.137778731597988,0.862221268402012,66.7423960705479,78.5998416966624,11.8574456261144,142.883612286757
"113","1156","1433",0.153598296163819,0.846401703836181,61.5143671561542,71.6086998699001,10.0943327137458,133.092000717957
"114","1156","1435",0.109610714936152,0.890389285063848,65.9861160235429,78.170711060327,12.1845950367841,141.933704866143
"115","1156","1438",0.186931122987883,0.813068877012117,57.7920735896793,66.1090968737101,8.31702328403063,125.702200625784
"116","1156","1448",0.121819642286627,0.878180357713373,71.05508933096,83.380610203626,12.3255208726658,150.170493477636
"117","1156","1450",0.107226120139871,0.892773879860129,65.916147178727,76.2727676357295,10.3566204570024,140.356753946006
"118","1156","1462",0.0796907188928234,0.920309281107177,69.2757086245141,83.2563567759894,13.9806481514752,148.645050679193
"119","1160","1173",0.454992042672228,0.545007957327772,60.063632031996,62.4646034574717,2.4009714254755,124.602024005076
"120","1160","1196",0.437335034407495,0.562664965592505,65.0602917441886,66.7378063705844,1.67751462639579,132.03026083439
"121","1160","1233",0.574651108362151,0.425348891637849,70.5133041885328,68.9975560010945,-1.51574818743846,138.210743287686
"122","1160","1253",0.758840270803874,0.241159729196126,74.7546996357912,68.3162900366348,-6.4384095991564,141.063588686825
"123","1160","1283",0.634352080138947,0.365647919861053,70.7098279732417,69.0195410745765,-1.69028689866526,138.385841410879
"124","1160","1311",0.844174679751071,0.155825320248929,75.2823924891084,65.0682460050239,-10.2141464840845,138.883684450045
"125","1160","1317",0.36511833206257,0.63488166793743,53.6809635357259,56.7268170779405,3.04585354221444,114.889516610341
"126","1160","1320",0.669400805100069,0.330599194899931,69.7520397575333,68.3303817187138,-1.42165803881975,137.066089748788
"127","1160","1328",0.326028069450146,0.673971930549854,61.8263299082857,68.0292292489156,6.2028993406298,130.473642358985
"128","1160","1332",0.534718824590475,0.465281175409525,69.0752704616891,68.8207021673516,-0.254568294337556,136.916682335801
"129","1160","1343",0.726851893931611,0.273148106068389,72.067472107326,68.7937683976217,-3.27370370970442,139.292846140479
"130","1160","1365",0.542655264666133,0.457344735333867,73.1534133730556,73.7295828175173,0.576169444461606,144.118271194674
"131","1160","1374",0.49752830867794,0.50247169132206,67.2556729108791,68.50795658561,1.25228367473077,135.207967716156
"132","1160","1382",0.680947881397531,0.319052118602469,68.038823297077,64.7741597535248,-3.26466354355233,132.84352053009
"133","1160","1387",0.451798877320587,0.548201122679413,68.0374225866275,69.7567426765215,1.71932008989395,136.835100843671
"134","1160","1401",0.442501582441532,0.557498417558468,65.8395068729471,66.872687276643,1.03318040369575,132.762755166379
"135","1160","1402",0.808932064761466,0.191067935238534,68.4337112455584,59.3791555952103,-9.05455565034803,128.836767800083
"136","1160","1405",0.522834310204241,0.477165689795759,70.7994437601846,70.932129835558,0.132686075373238,139.990271828446
"137","1160","1406",0.489059501675248,0.510940498324752,65.6988773789037,65.3824101437734,-0.316467235130369,131.455857625294
"138","1160","1429",0.486324184405758,0.513675815594242,65.6973016548161,68.3467116898745,2.64941003505829,133.829984401042
"139","1160","1433",0.518115234803616,0.481884765196384,60.4692727404224,61.355569863112,0.886297122689525,124.038372832242
"140","1160","1435",0.546842282008492,0.453157717991508,65.2109070267066,65.4359175147838,0.225010488077081,131.107708569772
"141","1160","1438",0.674325245808953,0.325674754191047,58.9532895589748,55.5649298477179,-3.38835971125707,118.183342426448
"142","1160","1448",0.451115565820793,0.548884434179207,70.0099949152281,73.1274801968375,3.11748528160934,141.116865591921
"143","1160","1450",0.415749371647978,0.584250628352022,64.8710527629951,66.0196376289413,1.1485848659461,131.303126060291
"144","1160","1462",0.45911329537937,0.54088670462063,68.5004996276778,70.5215632304461,2.02106360276823,137.819054382822
"145","1173","1196",0.607129573230412,0.392870426769588,64.1153358781411,60.8208776513675,-3.29445822677364,126.531613674764
"146","1173","1233",0.728712573556581,0.271287426443419,69.5683483224853,63.0806272818776,-6.48772104060787,132.71209612806
"147","1173","1253",0.804527594291035,0.195472405708965,71.6034333847162,62.6903983366222,-8.9130350480941,134.03017184082
"148","1173","1280",0.463384480827681,0.536615519172319,61.7166991220742,61.6310955275363,-0.0856035945380493,125.258762921633
"149","1173","1283",0.598854512016035,0.401145487983965,65.3522513371394,63.6846863937682,-1.66756494337135,129.817654878496
"150","1173","1311",0.876330219264224,0.123669780735776,72.1311262380335,59.4423543050113,-12.6887719330222,131.85026760404
"151","1173","1317",0.554479088664906,0.445520911335094,50.7995827035465,48.6192618391723,-2.18032086437434,106.08373135368
"152","1173","1320",0.72591217800432,0.27408782199568,66.6007735064584,62.7044900187011,-3.89628348775744,130.032672902784
"153","1173","1328",0.511447264014638,0.488552735985362,58.9449490761064,59.9216740101475,0.976724934040967,121.667857102325
"154","1173","1332",0.600513073432066,0.399486926567934,65.9240042106142,63.194810467339,-2.72919374327527,129.883265489796
"155","1173","1343",0.776817010515875,0.223182989484125,68.9162058562511,63.167876697609,-5.74832915864217,132.259429294474
"156","1173","1365",0.608149659983805,0.391850340016195,70.0021471219807,68.1036911175047,-1.89845600447609,137.084854348669
"157","1173","1374",0.56429638288456,0.43570361711544,64.1044066598041,62.8820648855974,-1.22234177420698,128.174550870152
"158","1173","1382",0.647459921477234,0.352540078522766,62.6812466609747,59.4393050727164,-3.24194158825834,124.275333997707
"159","1173","1387",0.518765959332738,0.481234040667262,64.8861563355525,64.1308509765089,-0.755305359043775,129.801683997666
"160","1173","1401",0.509371052931848,0.490628947068152,62.6882406218722,61.2467955766303,-1.44144504524199,125.729338320375
"161","1173","1402",0.784628712858486,0.215371287141514,63.076134609456,54.044300914402,-9.03183369505403,120.2685812677
"162","1173","1406",0.555948531886,0.444051468114,62.5476111278288,59.7565184437605,-2.79109268406841,124.42244077929
"163","1173","1429",0.553244189440066,0.446755810559934,62.5460354037411,62.7208199898617,0.17478458612049,126.796567555037
"164","1173","1433",0.584432660390609,0.415567339609391,57.3180064893474,55.7296781630994,-1.58832832624815,117.004955986237
"165","1173","1435",0.705819781710436,0.294180218289564,64.2659511606591,59.5189887955669,-4.7469623650923,125.609061410146
"166","1173","1438",0.64050914000538,0.35949085999462,53.5957129228726,50.230075166909,-3.36563775596384,109.615155894064
"167","1173","1448",0.518077082280755,0.481922917719245,66.8587286641532,67.5015884968251,0.642859832671717,134.083448745917
"168","1173","1450",0.482071885071771,0.517928114928229,61.7197865119202,60.3937459289287,-1.32604058299158,124.269709214286
"169","1173","1462",0.62792711618878,0.37207288381122,67.5555437616302,64.6046345112292,-2.95090925040117,132.320407223196
"170","1196","1233",0.687649872855954,0.312350127144046,73.9541458108306,67.746965782854,-6.20718002797663,139.965861653805
"171","1196","1253",0.771339559234485,0.228660440765515,75.9892308730615,67.3567368375986,-8.63249403546292,141.283937366565
"172","1196","1280",0.414432778132259,0.585567221867741,66.1024966104194,66.2974340285127,0.194937418093125,132.512528447378
"173","1196","1283",0.550266877038725,0.449733122961275,69.7380488254846,68.3510248947446,-1.38702393074012,137.071420404241
"174","1196","1311",0.853107252443128,0.146892747556872,76.5169237263787,64.1086928059877,-12.408230920391,139.104033129786
"175","1196","1317",0.504959698461898,0.495040301538102,55.1853801918917,53.2856003401492,-1.89977985174277,113.337496879425
"176","1196","1320",0.684609058132738,0.315390941867262,70.9865709948036,67.3708285196775,-3.61574247512627,137.286438428529
"177","1196","1328",0.461787556973397,0.538212443026603,63.3307465644515,64.5880125111243,1.25726594667255,128.92162262807
"178","1196","1332",0.551976035293967,0.448023964706033,70.3098016989594,67.8611489683155,-2.44865273064406,137.137031015541
"179","1196","1343",0.740442041104773,0.259557958895227,73.3020033445963,67.8342151985855,-5.46778814601095,139.51319482022
"180","1196","1365",0.559860409733194,0.440139590266806,74.3879446103259,72.7700296184812,-1.61791499184493,144.338619874414
"181","1196","1374",0.514913553859917,0.485086446140083,68.4902041481494,67.5484033865738,-0.941800761575751,135.428316395897
"182","1196","1382",0.600835390159486,0.399164609840514,67.0670441493199,64.1056435736929,-2.96140057562719,131.529099523452
"183","1196","1387",0.469077925410802,0.530922074589198,69.2719538238978,68.7971894774854,-0.474764346412594,137.055449523411
"184","1196","1401",0.459723241874578,0.540276758125422,67.0740381102174,65.9131340776068,-1.16090403261075,132.98310384612
"185","1196","1402",0.74911572646627,0.25088427353373,67.4619320978013,58.7106394153785,-8.75129268242289,127.522346793445
"186","1196","1405",0.640998954582206,0.359001045417794,74.2402853824823,69.6815396173175,-4.55874576516495,141.745390194565
"187","1196","1406",0.506447088141487,0.493552911858513,66.933408616174,64.4228569447372,-2.51055167143688,131.676206305035
"188","1196","1429",0.503710394741886,0.496289605258114,66.9318328920863,67.3871584908381,0.455325598751642,134.050333080782
"189","1196","1433",0.535453261260742,0.464546738739258,61.7038039776927,60.3960166640758,-1.30778731361696,124.258721511983
"190","1196","1435",0.662894945157665,0.337105054842335,68.6517486490043,64.1853272965433,-4.46642135246112,132.862826935891
"191","1196","1438",0.593542433894102,0.406457566105898,57.9815104112177,54.8964136678858,-3.08509674333208,116.86892141981
"192","1196","1448",0.468390809280444,0.531609190719556,71.2445261524985,72.1679269978015,0.923400845302933,141.337214271662
"193","1196","1450",0.432738032694794,0.567261967305206,66.1055840002654,65.0600844299051,-1.04549957036043,131.523474740032
"194","1196","1462",0.354835302652512,0.645164697347488,69.4651454460525,72.0436735701651,2.57852812411244,139.811771473219
"195","1233","1253",0.64778909628429,0.35221090371571,78.440227992598,73.2383349995335,-5.2018929930646,147.961111954312
"196","1233","1280",0.278437423913258,0.721562576086742,68.5534937299561,72.1790321904478,3.62553846049159,139.189703035125
"197","1233","1283",0.400158073001421,0.599841926998579,72.1890459450211,74.2326230566795,2.04357711165821,143.748594991987
"198","1233","1311",0.759990422859924,0.240009577140076,78.9679208459152,69.9902909679226,-8.97762987799268,145.781207717532
"199","1233","1317",0.357388684425179,0.642611315574821,57.6363773114284,59.167198502084,1.53082119065534,120.014671467172
"200","1233","1320",0.542020510831741,0.457979489168259,73.4375681143402,73.2524266816124,-0.185141432727938,143.963613016276
"201","1233","1328",0.318710542167004,0.681289457832996,65.7817436839881,70.4696106730591,4.68786698907089,135.598797215817
"202","1233","1332",0.40181755637702,0.59818244362298,72.760798818496,73.7427471302503,0.981948311754264,143.814205603288
"203","1233","1343",0.60866683701967,0.39133316298033,75.7530004641328,73.7158133605203,-2.03718710361261,146.190369407966
"204","1233","1365",0.409517587116649,0.590482412883351,76.8389417298625,78.6516277804161,1.81268605055345,151.015794462161
"205","1233","1374",0.366587729346169,0.633412270653831,70.9412012676859,73.4300015485087,2.48880028082254,142.105490983643
"206","1233","1382",0.450758023015322,0.549241976984678,69.5180412688565,69.9872417356277,0.46920046677115,138.206274111199
"207","1233","1387",0.325106537208218,0.674893462791782,71.7229509434343,74.6787876394202,2.95583669598574,143.732624111158
"208","1233","1401",0.316909216105582,0.683090783894418,69.525035229754,71.7947322395416,2.26969700978757,139.660278433867
"209","1233","1402",0.619481054046292,0.380518945953708,69.9129292173378,64.5922375773133,-5.32069164002456,134.199521381192
"210","1233","1405",0.49328714506467,0.50671285493533,76.6912825020188,75.5631377792524,-1.12814472276663,148.422564782312
"211","1233","1406",0.358756407468057,0.641243592531943,69.3844057357105,70.3044551066721,0.920049370961443,138.353380892782
"212","1233","1429",0.356241746948053,0.643758253051947,69.382830011623,73.2687566527732,3.8859266411501,140.727507668529
"213","1233","1433",0.385917864928484,0.614082135071516,64.1548010972292,66.2776148260107,2.12281372878138,130.935896099729
"214","1233","1435",0.298893094411261,0.701106905588739,68.6265499646179,72.8396260164376,4.21307605181961,139.777600247915
"215","1233","1438",0.443263813905397,0.556736186094603,60.4325075307543,60.7780118298206,0.345504299066064,123.546096007556
"216","1233","1448",0.324501415388392,0.675498584611608,73.695523272035,78.0495251597361,4.35400188770115,148.014388859408
"217","1233","1450",0.293749165462271,0.706250834537729,68.556581119802,70.94168259184,2.38510147203792,138.200649327778
"218","1233","1462",0.23069208517781,0.76930791482219,71.9161425655891,77.9252717320999,6.00912916651075,146.488946060965
"219","1253","1280",0.166201573999036,0.833798426000964,67.7288209882292,77.3799007851291,9.65107979689985,142.696488466709
"220","1253","1283",0.256284373347527,0.743715626652473,71.3643732032942,79.4334916513608,8.06911844806647,147.255380423571
"221","1253","1311",0.713164941288286,0.286835058711714,80.3495584892158,74.9001225433997,-5.44943594581604,150.822762835495
"222","1253","1317",0.223171221351779,0.776828778648221,56.8117045697015,64.3680670967653,7.55636252706364,123.521456898756
"223","1253","1320",0.269810754516694,0.730189245483306,72.3430099537178,80.934958815049,8.59194886133106,149.242766858516
"224","1253","1328",0.194619490207507,0.805380509792493,64.9570709422613,75.6704792677402,10.7134083254788,139.105582647401
"225","1253","1332",0.257603436958265,0.742396563041735,71.9361260767691,78.9436157249316,7.00748964816253,147.320991034872
"226","1253","1343",0.445504143092611,0.554495856907389,74.9283277224059,78.9166819552016,3.98835423279563,149.69715483955
"227","1253","1365",0.177990410991183,0.822009589008817,75.74438356924,86.3341599138525,10.5897763446124,156.294948304401
"228","1253","1374",0.153041052353568,0.846958947646432,69.8466431070635,81.1125336819451,11.2658905748816,147.384644825883
"229","1253","1382",0.297721198136257,0.702278801863743,68.6933685271296,75.1881103303091,6.49474180317943,141.713059542783
"230","1253","1387",0.13073629127148,0.86926370872852,70.6283927828119,82.3613197728568,11.7329269900448,149.011777953398
"231","1253","1401",0.193320503141971,0.806679496858029,68.7003624880271,76.9956008342231,8.29523834619583,143.167063865451
"232","1253","1402",0.456803350629317,0.543196649370683,69.0882564756109,69.7931061719947,0.704849696383716,137.706306812776
"233","1253","1405",0.248587374750672,0.751412625249328,73.6602993752645,81.055043393138,7.39474401787334,150.394580527517
"234","1253","1406",0.224204505509097,0.775795494490903,68.5597329939837,75.5053237013534,6.94559070736975,141.860166324366
"235","1253","1429",0.222306008284023,0.777693991715977,68.5581572698961,78.4696252474546,9.91146797755835,144.234293100113
"236","1253","1433",0.245072304031381,0.754927695968619,63.3301283555023,71.4784834206921,8.14835506518963,134.442681531313
"237","1253","1435",0.267050081858422,0.732949918141578,68.0717626417865,75.5588310723638,7.48706843057719,141.512017268843
"238","1253","1438",0.291421340754346,0.708578659245654,59.6078347890274,65.9788804245019,6.37104563547425,127.05288143914
"239","1253","1448",0.198813631594678,0.801186368405322,72.870850530308,83.2503937544175,10.3795432241093,151.521174290992
"240","1253","1450",0.114933750517971,0.885066249482029,67.4620229591795,78.6242147252765,11.1621917660969,143.479803170018
"241","1253","1462",0.204000812306783,0.795999187693217,71.3613552427577,80.6444767880261,9.28312154526831,148.223363081893
"242","1280","1311",0.875818689132415,0.124181310867585,75.8810627247467,63.5922813291709,-12.2887813955757,138.180680410572
"243","1280","1317",0.428144759048764,0.571855240951236,54.2796337713641,55.2508524020875,0.971218630723082,114.186512570867
"244","1280","1320",0.724973740323196,0.275026259676804,70.3507099931716,66.8544170428609,-3.49629295031093,136.363085709315
"245","1280","1328",0.386413697956701,0.613586302043299,62.425000143924,66.5532645730624,4.12826442913822,129.770638319512
"246","1280","1332",0.599382236818618,0.400617763181382,69.6739406973274,67.3447374914987,-2.32920320582874,136.213678296327
"247","1280","1343",0.775999081303134,0.224000918696866,72.6661423429642,67.3178037217686,-5.34833862119571,138.589842101005
"248","1280","1365",0.607026294299044,0.392973705700956,73.7520836086939,72.2536181416645,-1.49846546702959,143.4152671552
"249","1280","1374",0.56313760787932,0.43686239212068,67.8543431465174,67.0319919097571,-0.822351236760417,134.504963676683
"250","1280","1387",0.517589612699067,0.482410387300933,68.6360928222657,68.2807780006686,-0.35531482159723,136.132096804197
"251","1280","1401",0.508193512828618,0.491806487171382,66.4381771085854,65.3967226007901,-1.04145450779541,132.059751126906
"252","1280","1405",0.587876402692271,0.412123597307729,71.3981139958228,69.4561651597048,-1.94194883611807,139.287267788972
"253","1280","1406",0.554785071773842,0.445214928226158,66.2975476145419,63.9064454679203,-2.39110214662168,130.752853585821
"254","1280","1429",0.552079352495249,0.447920647504751,66.2959718904543,66.8707470140214,0.574775123567006,133.126980361568
"255","1280","1433",0.583287891573626,0.416712108426374,61.0679429760606,59.8796051872591,-1.18833778880161,123.335368792768
"256","1280","1435",0.611046392531291,0.388953607468709,65.8095772623448,63.9599528389306,-1.84962442341424,130.404704530298
"257","1280","1448",0.516900619873198,0.483099380126802,70.6086651508663,71.6515155209844,1.04285037011802,140.413861552447
"258","1280","1450",0.480895596956156,0.519104403043844,65.4697229986334,64.5436729530884,-0.926050045545096,130.600122020818
"259","1280","1462",0.524949207839761,0.475050792160239,69.099169863316,69.0455985545932,-0.0535713087229518,137.116050343348
"260","1283","1311",0.849819419814246,0.150180580185754,79.7091578591084,68.5569082256149,-11.1522496334934,145.226569250483
"261","1283","1317",0.375274289373648,0.624725710626352,58.1077289057261,60.2154792985312,2.10775039280507,121.232401410778
"262","1283","1320",0.678969022185947,0.321030977814053,74.1788051275334,71.8190439393047,-2.3597611882287,143.408974549226
"263","1283","1328",0.335671591219151,0.664328408780849,66.2530952782857,71.5178914695066,5.26479619122086,136.816527159423
"264","1283","1332",0.545538650559792,0.454461349440208,73.5020358316891,72.3093643879427,-1.19267144374653,143.259567136238
"265","1283","1343",0.735414573533163,0.264585426466837,76.494237477326,72.2824306182127,-4.21180685911341,145.635730940916
"266","1283","1365",0.553444661205661,0.446555338794339,77.5801787430557,77.2182450381084,-0.361933704947372,150.461155995111
"267","1283","1374",0.508417903040151,0.491582096959849,71.6824382808791,71.996618806201,0.314180525321781,141.550852516594
"268","1283","1382",0.469899486820007,0.530100513179993,69.9893928631541,71.0355225320752,1.04612966892108,139.424004054805
"269","1283","1387",0.462609067388496,0.537390932611504,72.4641879566275,73.2454048971125,0.781216940484982,143.177985644108
"270","1283","1401",0.453273251415719,0.546726748584281,70.2662722429471,70.361349497234,0.0950772542867907,139.105639966817
"271","1283","1402",0.637471567494849,0.362528432505151,70.3842808116353,65.6405183737608,-4.74376243787462,135.417251324798
"272","1283","1405",0.533689492706246,0.466310507293754,75.2262091301846,74.4207920561489,-0.805417074035739,146.333156628883
"273","1283","1406",0.499948165117459,0.500051834882541,70.1256427489037,68.8710723643644,-1.25457038453934,137.798742425732
"274","1283","1429",0.497211211414948,0.502788788585052,70.1240670248161,71.8353739104655,1.7113068856493,140.172869201479
"275","1283","1433",0.528981056759488,0.471018943240512,64.8960381104224,64.844232083703,-0.0518060267194312,130.381257632679
"276","1283","1435",0.557613427006197,0.442386572993803,69.6376723967066,68.9245797353748,-0.713092661331896,137.450593370209
"277","1283","1438",0.462354933586412,0.537645066413588,60.903859125052,61.8262926262677,0.922433501215532,124.763825951162
"278","1283","1448",0.461923182728895,0.538076817271105,74.4367602852281,76.6161424174285,2.17938213220036,147.459750392359
"279","1283","1450",0.426367865548214,0.573632134451786,69.2978181329952,69.5082998495324,0.210481716537144,137.646010860729
"280","1283","1462",0.469948467442657,0.530051532557343,72.9272649976778,74.010225451037,1.08296045335924,144.16193918326
"281","1311","1317",0.130535995649298,0.869464004350702,54.9469040391492,65.351422505976,10.4045184668267,122.815126786
"282","1311","1320",0.161849582975232,0.838150417024768,70.4782094231654,81.9183142242597,11.4401048010942,148.536436745759
"283","1311","1328",0.112125087527285,0.887874912472715,63.0922704117089,76.653834676951,13.5615642652419,138.399252534644
"284","1311","1332",0.153500023387257,0.846499976612743,70.0713255462168,79.9269711341425,9.8556455879256,146.614660922115
"285","1311","1343",0.295712276672728,0.704287723327272,73.0635271918536,79.9000373644125,6.83651017255873,148.990824726794
"286","1311","1365",0.101654984741397,0.898345015258603,73.8795830386878,87.3175153230634,13.4379322843755,155.588618191644
"287","1311","1374",0.0862826090411722,0.913717390958828,67.9818425765111,82.095889091156,14.1140465146446,146.678314713127
"288","1311","1382",0.181365964742739,0.818634035257261,66.8285679965773,76.1714657395198,9.3428977429425,141.006729430026
"289","1311","1387",0.0728703534369116,0.927129646563088,68.7635922522595,83.3446751820675,14.5810829298078,148.305447840641
"290","1311","1401",0.111300616970178,0.888699383029822,66.8355619574748,77.9789562434338,11.1433942859589,142.460733752694
"291","1311","1402",0.305304145219795,0.694695854780205,67.2234559450586,70.7764615812054,3.5530056361468,136.99997670002
"292","1311","1405",0.147404114925766,0.852595885074234,71.7954988447122,82.0383988023488,10.2428999576364,149.688250414761
"293","1311","1406",0.131212823179747,0.868787176820253,66.6949324634313,76.4886791105642,9.79374664713282,141.153836211609
"294","1311","1429",0.129969833627608,0.870030166372392,66.6933567393438,79.4529806566653,12.7596239173215,143.527962987357
"295","1311","1433",0.145043619268473,0.854956380731527,61.46532782495,72.4618388299028,10.9965110049527,133.736351418557
"296","1311","1435",0.159951578370224,0.840048421629776,66.2069621112342,76.5421864815746,10.3352243703402,140.805687156087
"297","1311","1438",0.176907995529718,0.823092004470282,57.7430342584751,66.9622358337127,9.21920157523733,126.346551326384
"298","1311","1448",0.114794833375318,0.885205166624682,71.0060499997558,84.2337491636283,13.2276991638725,150.814844178236
"299","1311","1450",0.0635509089286006,0.936449091071399,65.5972224286272,79.6075701344873,14.01034770586,142.773473057262
"300","1311","1462",0.118113073738296,0.881886926261704,69.4965547122054,81.6278321972369,12.1312774850313,147.517032969137
"301","1317","1320",0.711740930960361,0.288259069039639,58.5794770868937,56.0287398883677,-2.55073719852616,118.255460350997
"302","1317","1328",0.37102388043806,0.62897611956194,50.6537672376462,55.727587418569,5.07382018092278,111.663012961193
"303","1317","1332",0.583577591273521,0.416422408726479,57.9027077910494,56.5190603370056,-1.38364745404396,118.106052938009
"304","1317","1343",0.764423579531468,0.235576420468532,60.8949094366863,56.4921265672752,-4.40278286941114,120.482216742687
"305","1317","1365",0.591317594327414,0.408682405672586,61.9808507024161,61.427940987171,-0.552909715245188,125.307641796882
"306","1317","1374",0.546983794166046,0.453016205833954,56.0831102402394,56.2063147552638,0.1232045150241,116.397338318364
"307","1317","1382",0.722422389217465,0.277577610782535,56.8662606264373,52.4725179231787,-4.39374270325874,114.032891132298
"308","1317","1387",0.501243249704245,0.498756750295755,56.8648599159879,57.4551008461751,0.590240930187117,118.024471445878
"309","1317","1401",0.491841348571235,0.508158651428765,54.6669442023075,54.5710454462969,-0.0958987560106677,113.952125768587
"310","1317","1402",0.837734047654888,0.162265952345112,57.2611485749186,47.0775137648642,-10.1836348100543,110.026138402291
"311","1317","1405",0.571942013041133,0.428057986958867,59.6268810895449,58.6304880052115,-0.99639308433352,121.179642430654
"312","1317","1406",0.538575473880546,0.461424526119454,54.526314708264,53.0807683134268,-1.44554639483725,112.645228227502
"313","1317","1429",0.535853660219616,0.464146339780384,54.5247389841763,56.0450698595278,1.52033087535132,115.019355003249
"314","1317","1433",0.567306670423453,0.432693329576547,49.2967100697828,49.0539280327658,-0.24278203701702,105.22774343445
"315","1317","1435",0.595391278903718,0.404608721096282,54.0383443560669,53.1342756844372,-0.904068671629801,112.297079171979
"316","1317","1438",0.716301980966782,0.283698019033218,47.7807268883352,43.2632880173712,-4.51743887096414,99.3727130286554
"317","1317","1448",0.50055343851918,0.49944656148082,58.8374322445885,60.8258383664912,1.9884061219025,122.306236194129
"318","1317","1450",0.464592037695186,0.535407962304814,53.6984900923555,53.7179957985953,0.019505706239701,112.492496662499
"319","1317","1462",0.508615470630396,0.491384529369604,57.3279369570382,58.2199214000998,0.891984443061426,119.00842498503
"320","1320","1328",0.392075356077668,0.607924643922332,65.5609096590844,71.0680244703224,5.50711481123793,135.90136394031
"321","1320","1332",0.480811787151037,0.519188212848963,72.5399647935922,74.3411609275139,1.80119613392166,144.116772327782
"322","1320","1343",0.681965426416882,0.318034573583118,75.5321664392291,74.3142271577839,-1.21793928144523,146.49293613246
"323","1320","1365",0.366247136618264,0.633752863381736,76.3482222860631,81.7317051164347,5.38348283037149,153.09072959731
"324","1320","1374",0.325353981570506,0.674646018429494,70.4504818238866,76.5100788845274,6.05959706064066,144.180426118793
"325","1320","1382",0.53083547943459,0.46916452056541,69.2972072439527,70.5856555328913,1.28844828893854,138.508840835693
"326","1320","1387",0.286428716949388,0.713571283050612,71.232231499635,77.7588649754389,6.52663347580389,145.807559246308
"327","1320","1401",0.390096801960847,0.609903198039153,69.3042012048502,72.3931460368052,3.08894483195496,139.96284515836
"328","1320","1402",0.691779800576171,0.308220199423829,69.692095192434,65.1906513745768,-4.50144381785717,134.502088105686
"329","1320","1405",0.468917907990447,0.531082092009553,74.2641380920876,76.4525885957202,2.18845050363246,147.190361820427
"330","1320","1406",0.435447611736688,0.564552388263312,69.1635717108067,70.9028689039356,1.73929719312885,138.655947617275
"331","1320","1429",0.432758176786059,0.567241823213941,69.1619959867192,73.8671704500368,4.70517446331752,141.030074393023
"332","1320","1433",0.464212043616302,0.535787956383698,63.9339670723254,66.8760286232742,2.94206155094876,131.238462824223
"333","1320","1435",0.493008078267177,0.506991921732823,68.6756013586096,70.956376274946,2.28077491633629,138.307798561753
"334","1320","1438",0.523278334996426,0.476721665003574,60.2116735058506,61.3764256270839,1.16475212123319,123.84866273205
"335","1320","1448",0.398419694483125,0.601580305516875,73.4746892471311,78.6479389569998,5.17324970986854,148.316955583902
"336","1320","1450",0.257379218798095,0.742620781201905,68.0658616760026,74.0217599278587,5.95589825185604,140.275584462928
"337","1320","1462",0.406174523372289,0.593825476627711,71.9651939595809,76.0420219906083,4.07682803102749,145.019144374803
"338","1328","1332",0.611915508989794,0.388084491010206,68.3952217694511,65.9906715179517,-2.40455025149934,134.103943712448
"339","1328","1343",0.784989008691163,0.215010991308837,71.387423415088,65.9637377482218,-5.42368566686623,136.480107517126
"340","1328","1365",0.619472247260936,0.380527752739064,72.4733646808177,70.8995521681172,-1.57381251270057,141.305532571321
"341","1328","1374",0.576002672333712,0.423997327666288,66.5756242186411,65.6779259362101,-0.897698282431039,132.395229092804
"342","1328","1382",0.745433398237206,0.254566601762794,67.3587746048391,61.9441291041246,-5.41464550071453,130.030781906738
"343","1328","1387",0.530678136110909,0.469321863889091,67.3573738943894,66.9267120271216,-0.43066186726787,134.022362220318
"344","1328","1401",0.521301191277543,0.478698808722457,65.1594581807092,64.0426566272428,-1.11680155346641,129.950016543027
"345","1328","1402",0.8531292217091,0.1468707782909,67.7536625533203,56.5491249458106,-11.2045376075096,126.024029176731
"346","1328","1405",0.600529731813303,0.399470268186697,70.1193950679465,68.1020991861581,-2.01729588178855,137.177533205094
"347","1328","1406",0.567707287766204,0.432292712233796,65.0188286866657,62.5523794943735,-2.46644919229215,128.643119001942
"348","1328","1429",0.56501852728738,0.43498147271262,65.0172529625782,65.5166810404744,0.49942807789611,131.017245777689
"349","1328","1433",0.595985281691391,0.404014718308609,59.7892240481844,58.5255392137119,-1.26368483447262,121.225634208889
"350","1328","1435",0.623444005254422,0.376555994745578,64.5308583344687,62.6058868653836,-1.92497146908508,128.294969946419
"351","1328","1438",0.739637507919642,0.260362492080358,58.2732408667369,52.7348991983177,-5.53834166841934,115.370603803095
"352","1328","1448",0.529990861715322,0.470009138284678,69.3299462229901,70.2974495474377,0.96750332444754,138.304126968569
"353","1328","1450",0.494006424909992,0.505993575090008,64.1910040707572,63.1896069795412,-1.00139709121608,128.490387436939
"354","1328","1462",0.538016279478792,0.461983720521208,67.8204509354399,67.6915325810459,-0.128918354393947,135.00631575947
"355","1332","1343",0.749160927458447,0.250839072541553,77.5321862498533,72.1953538134909,-5.33683243636244,146.397695001952
"356","1332","1365",0.466980005549325,0.533019994450675,76.4118171305555,77.4222052525909,1.01038812203526,149.688350369768
"357","1332","1374",0.422334790634559,0.577665209365441,70.514076668379,72.2005790206835,1.6865023523044,140.77804689125
"358","1332","1382",0.509018787817293,0.490981212182707,69.0909166695495,68.7578192078026,-0.333097461747003,136.878830018806
"359","1332","1387",0.37831310640611,0.62168689359389,71.2958263441274,73.4493651115951,2.15353876746762,142.405180018765
"360","1332","1401",0.261570317829619,0.738429682170381,68.8280252115515,73.0469732504717,4.21894803892013,140.10520275213
"361","1332","1402",0.672834594722413,0.327165405277587,69.4858046180309,63.3628150494882,-6.12298956854268,132.872077288799
"362","1332","1405",0.447220241600051,0.552779758399949,74.0578475176845,74.6247522706315,0.566904752946902,145.56035100354
"363","1332","1406",0.517908505028695,0.482091494971305,71.163591521431,68.7839955596427,-2.37959596178838,138.560706486767
"364","1332","1429",0.297021033255634,0.702978966744366,68.6858199934205,74.5209976637032,5.83517767028267,141.172431986792
"365","1332","1433",0.324248668791872,0.675751331208128,63.4577910790267,67.5298558369407,4.07206475791394,131.380820417992
"366","1332","1435",0.471184692450909,0.528815307549091,68.4693107842065,69.1285399498573,0.659229165650734,136.677787744866
"367","1332","1438",0.50144027665532,0.49855972334468,60.0053829314474,59.5485893019953,-0.45679362945231,122.218651915163
"368","1332","1448",0.26835759547289,0.73164240452711,72.9985132538324,79.3017661706662,6.30325291683372,148.459313177671
"369","1332","1450",0.34444297830554,0.65555702169446,68.1294565204951,69.7122600640149,1.58280354351976,136.873205235385
"370","1332","1462",0.385273941356244,0.614726058643756,71.7589033851777,74.2141856655197,2.45528228034189,143.389133557916
"371","1343","1365",0.378007636545515,0.621992363454485,76.9383106371996,81.3027663046618,4.36445566746217,153.219863867333
"372","1343","1374",0.336498581291195,0.663501418708805,71.0405701750231,76.0811400727545,5.04056989773133,144.309560388816
"373","1343","1382",0.418322900470389,0.581677099529611,69.6174101761936,72.6383802598736,3.02097008367992,140.410343516371
"374","1343","1387",0.296826613111777,0.703173386888223,71.8223198507714,77.329926163666,5.5076063128945,145.93669351633
"375","1343","1401",0.197251222276063,0.802748777723937,69.3545187181955,76.9275343025426,7.57301558434702,143.636716249695
"376","1343","1402",0.587900461975059,0.412099538024941,70.0122981246749,67.2433761015591,-2.7689220231158,136.403590786364
"377","1343","1405",0.359473647138847,0.640526352861153,74.5843410243286,78.5053133227026,3.92097229837381,149.091864501105
"378","1343","1406",0.427006228448302,0.572993771551698,71.6900850280751,72.6645566117137,0.974471583638552,142.092219984332
"379","1343","1429",0.226660483730623,0.773339516269377,69.2123135000644,78.401558715774,9.18924521570943,144.703945484357
"380","1343","1433",0.249729521684704,0.750270478315296,63.9842845856708,71.4104168890117,7.42613230334083,134.912333915557
"381","1343","1435",0.381985324584803,0.618014675415197,68.9958042908506,73.0091010019282,4.01329671107765,140.209301242431
"382","1343","1438",0.410964455711759,0.589035544288241,60.5318764380915,63.4291503540664,2.89727391597475,125.750165412729
"383","1343","1448",0.202827957799868,0.797172042200132,73.5250067604766,83.1823272227374,9.65732046226073,151.990826675237
"384","1343","1450",0.267117323230191,0.732882676769809,68.6559500271391,73.5928211160858,4.93687108894668,140.404718732951
"385","1343","1462",0.303018915468303,0.696981084531697,72.2853968918218,78.0947467175907,5.80934982576878,146.920647055482
"386","1365","1374",0.330104089769562,0.669895910230438,75.4387972264128,80.0789032006606,4.64010597424766,151.037535331847
"387","1365","1382",0.536201219063606,0.463798780936394,74.2855226464789,74.1544798490245,-0.131042797454463,145.365950048747
"388","1365","1387",0.290855531483887,0.709144468516113,76.2205469021612,81.3276892915721,5.10714238941087,152.664668459362
"389","1365","1401",0.395238382696421,0.604761617303579,74.2925166073764,75.9619703529385,1.66945374556198,146.819954371415
"390","1365","1402",0.696357741041122,0.303642258958878,74.6804105949602,68.75947569071,-5.92093490425018,141.35919731874
"391","1365","1405",0.47429048569749,0.52570951430251,79.2524534946139,80.0214129118534,0.768959417239416,154.047471033481
"392","1365","1406",0.440754966262577,0.559245033737423,74.151887113333,74.4716932200689,0.319806106735832,145.51305683033
"393","1365","1429",0.438058186687402,0.561941813312598,74.1503113892454,77.43599476617,3.28568337692447,147.887183606077
"394","1365","1433",0.469578377293314,0.530421622706686,68.9222824748517,70.4448529394075,1.52257046455576,138.095572037277
"395","1365","1435",0.498397642527812,0.501602357472188,73.6639167611359,74.5252005910792,0.86128382994328,145.164907774807
"396","1365","1438",0.528653760540002,0.471346239459998,65.1999889083767,64.9452499432176,-0.254738965159219,130.705771945105
"397","1365","1448",0.403598381464152,0.596401618535848,78.4630046496574,82.2167632731329,3.75375862347556,155.174064796956
"398","1365","1450",0.261521611980099,0.738478388019901,73.0541770785289,77.5905842439919,4.53640716546303,147.132693675982
"399","1365","1462",0.411385078520505,0.588614921479495,76.9535093621071,79.6108463067416,2.65733694463442,151.876253587857
"400","1374","1382",0.614190607149375,0.385809392850625,69.7487910429554,67.5971650609387,-2.15162598201672,136.475936536864
"401","1374","1387",0.586838560627173,0.413161439372827,74.1600111025606,71.9976739455269,-2.16233715703379,143.537056223201
"402","1374","1401",0.473663868366888,0.526336131633112,69.7557850038529,69.4046555648527,-0.351129439000301,137.929940859531
"403","1374","1402",0.759495657852169,0.240504342147831,70.1436789914367,62.2021609026243,-7.94151808881245,132.469183806857
"404","1374","1405",0.554031774240559,0.445968225759441,74.7157218910904,73.4640981237676,-1.25162376732282,145.157457521598
"405","1374","1406",0.52043973634121,0.47956026365879,69.6151555098095,67.9143784319831,-1.70077707782642,136.623043318446
"406","1374","1429",0.517706743304297,0.482293256695703,69.6135797857219,70.8786799780843,1.26510019236223,138.997170094194
"407","1374","1433",0.549355299626269,0.450644700373731,64.3855508713281,63.8875381513217,-0.498012720006515,129.205558525394
"408","1374","1435",0.577737807143608,0.422262192856392,69.1271851576124,67.9678858029935,-1.15929935461899,136.274894262924
"409","1374","1438",0.60698204827284,0.39301795172716,60.6632573048533,58.3879351551315,-2.27532214972186,121.815758433221
"410","1374","1448",0.482359611421962,0.517640388578038,73.9262730461339,75.6594484850472,1.73317543891329,146.284051285073
"411","1374","1450",0.55084094089319,0.44915905910681,70.9936412789284,68.2605688979468,-2.73307238098163,138.005081439822
"412","1374","1462",0.490416345346512,0.509583654653488,72.4167777585836,73.0535315186558,0.636753760072148,142.986240075974
"413","1382","1387",0.38332490278895,0.61667509721105,67.8022789097816,70.3843068680717,2.58202795828996,137.149559928743
"414","1382","1401",0.374474151974722,0.625525848025278,65.6043631961012,67.5002514681932,1.89588827209179,133.077214251452
"415","1382","1402",0.761520119474752,0.238479880525248,68.1985675687124,60.0067197867605,-8.1918477819521,129.151226885156
"416","1382","1405",0.452480495016513,0.547519504983487,70.5643000833386,71.5596940271081,0.995393943769256,140.304730913519
"417","1382","1406",0.419257241944081,0.580742758055919,65.4637337020578,66.0099743353236,0.546240633265649,131.770316710367
"418","1382","1429",0.416594013986987,0.583405986013013,65.4621579779702,68.9742758814247,3.51211790345431,134.144443486115
"419","1382","1433",0.447800498676317,0.552199501323683,60.2341290635765,61.9831340546622,1.74900499108556,124.352831917315
"420","1382","1435",0.476483850544023,0.523516149455977,64.9757633498607,66.063481706334,1.08771835647311,131.422167654845
"421","1382","1438",0.609630452580551,0.390369547419449,58.718145882129,56.1924940392679,-2.52565184286127,118.49780151152
"422","1382","1448",0.382672861539027,0.617327138460973,69.7748512383822,73.7550443883877,3.98019315000535,141.431324676994
"423","1382","1450",0.349258149076353,0.650741850923647,64.6359090861492,66.6472018204915,2.01129273434211,131.617585145364
"424","1382","1462",0.39032005659212,0.60967994340788,68.2653559508319,71.1491274219963,2.88377147116424,138.133513467895
"425","1387","1401",0.449243259373368,0.550756740626632,69.7111914806279,68.888435040459,-0.822756440168883,137.480542661165
"426","1387","1402",0.741087755753724,0.258912244246276,70.0990854682117,61.6859403782307,-8.41314508998095,132.01978560849
"427","1387","1405",0.529637152113776,0.470362847886224,74.6711283678653,72.947877599374,-1.72325076849143,144.708059323232
"428","1387","1406",0.495879578693716,0.504120421306284,69.5705619865844,67.3981579075894,-2.172404078995,136.17364512008
"429","1387","1429",0.493142932728433,0.506857067271567,69.5689862624969,70.3624594536906,0.793473191193627,138.547771895827
"430","1387","1433",0.524924222322923,0.475075777677077,64.3409573481031,63.3713176269281,-0.969639721175108,128.756160327027
"431","1387","1435",0.553595089021217,0.446404910978783,69.0825916343873,67.4516652785998,-1.63092635578759,135.825496064557
"432","1387","1438",0.583305405310897,0.416694594689103,60.6186637816282,57.8717146307381,-2.74694915089021,121.366360234855
"433","1387","1448",0.457880693145123,0.542119306854877,73.8816795229088,75.1432279606535,1.26154843774466,145.834653086706
"434","1387","1450",0.526420973287147,0.473579026712853,70.9490477557033,67.7443483735531,-3.20469938215021,137.555683241455
"435","1387","1462",0.465896556495278,0.534103443504722,72.3721842353585,72.5373109942621,0.165126758903561,142.536841877608
"436","1401","1402",0.690959585865377,0.309040414134623,67.8220264717126,60.5738052448957,-7.24822122681694,129.30391616419
"437","1401","1405",0.467960747212686,0.532039252787314,72.3940693713662,71.835742466039,-0.558326905327301,141.992189878931
"438","1401","1406",0.538732319316086,0.461267680683914,69.4998133751128,65.9949857550502,-3.50482762006258,134.992545362158
"439","1401","1429",0.536010633782239,0.463989366217761,69.4982376510252,68.9592873011514,-0.538950349873927,137.366672137906
"440","1401","1433",0.567461593050399,0.432538406949601,64.2702087366314,61.9681454743888,-2.30206326224266,127.575060569106
"441","1401","1435",0.492047303239985,0.507952696760015,66.8055326378883,66.3395301452648,-0.466002492623469,133.109626620257
"442","1401","1438",0.522319343381874,0.477680656618126,58.3416047851292,56.7595794974028,-1.58202528772655,118.650490790554
"443","1401","1448",0.500711226724299,0.499288773275701,73.8109309114372,73.7400558081143,-0.0708751033228707,144.653553328785
"444","1401","1450",0.363551830031016,0.636448169968984,66.4656783741768,66.9232502594223,0.457571885245554,133.305044110776
"445","1401","1462",0.405247708051897,0.594752291948103,70.0951252388594,71.4251758609271,1.33005062206768,139.820972433307
"446","1402","1405",0.233401185592474,0.766598814407526,65.6434726601659,72.5657134561965,6.92224079603047,137.167670301427
"447","1402","1406",0.210091393928165,0.789908606071835,60.5429062788851,67.0159937644117,6.4730874855265,128.633256098275
"448","1402","1429",0.208280318279354,0.791719681720646,60.5413305547974,69.9802953105129,9.43896475571541,131.007382874023
"449","1402","1433",0.230035111903585,0.769964888096415,55.3133016404037,62.9891534837506,7.67585184334675,121.215771305223
"450","1402","1435",0.251112932595252,0.748887067404748,60.0549359266879,67.0695011354224,7.0145652087343,128.285107042753
"451","1402","1438",0.18617882335115,0.81382117664885,51.3211226550334,59.9712140263155,8.6500913712818,115.598339623706
"452","1402","1448",0.185915788651408,0.814084211348592,64.8540238152095,74.7610638174764,9.90704000226669,138.294264064902
"453","1402","1450",0.165087255309675,0.834912744690325,59.7150816629765,67.6532212495799,7.93813958660335,128.480524533272
"454","1402","1462",0.190846615179262,0.809153384820738,63.3445285276591,72.1551468510847,8.81061832342546,134.996452855803
"455","1405","1406",0.438014448418586,0.561985551581414,71.8985036702089,71.2945926184009,-0.603911051808009,141.161436616196
"456","1405","1429",0.435321384477415,0.564678615522585,71.8969279461213,74.2588941645018,2.36196621838049,143.535563391943
"457","1405","1433",0.466808236823925,0.533191763176075,66.6688990317276,67.2677523377395,0.598853306011902,133.743951823143
"458","1405","1435",0.372610743335854,0.627389256664146,71.1406478991162,73.8297635281664,2.68911562905011,142.585655971329
"459","1405","1438",0.525880636548869,0.474119363451131,62.9466054652527,61.7681493415494,-1.17845612370346,126.354151730971
"460","1405","1448",0.400923268431416,0.599076731568584,76.2096212065334,79.0396626714653,2.83004146493178,150.822444582822
"461","1405","1450",0.366861987451205,0.633138012548795,71.0706790543004,71.9318201035688,0.861141049268463,141.008705051192
"462","1405","1462",0.294658316129877,0.705341683870123,74.4302405000875,78.9154092438288,4.48516874374129,149.297001784379
"463","1406","1429",0.318278972723149,0.681721027276851,65.0513437899744,70.2629074497927,5.21156365981823,134.84786657423
"464","1406","1433",0.346494801326884,0.653505198673116,59.8233148755807,63.2717656230304,3.44845074744963,125.05625500543
"465","1406","1435",0.496110746963892,0.503889253036108,64.8348345807604,64.870449735947,0.0356151551864433,130.353222332304
"466","1406","1438",0.526373721024916,0.473626278975084,56.3709067280013,55.2904990880853,-1.08040763991621,115.894086502601
"467","1406","1448",0.288405713751333,0.711594286248667,69.3640370503865,75.0436759567561,5.67963890636953,142.134747765109
"468","1406","1450",0.36732148601584,0.63267851398416,64.494980317049,65.4541698501045,0.959189533055481,130.548639822823
"469","1406","1462",0.409171754274727,0.590828245725273,68.1244271817317,69.9560954516093,1.83166826987758,137.064568145354
"470","1429","1433",0.426458132101531,0.573541867898469,62.6089237948721,64.9261875656749,2.31726377080281,128.614193467418
"471","1429","1435",0.579959857269635,0.420040142730365,67.6204435000517,66.5248716785913,-1.09557182146052,133.911160794292
"472","1429","1438",0.609154316412768,0.390845683587232,59.1565156472926,56.9449210307295,-2.21159461656321,119.452024964589
"473","1429","1448",0.362397406266953,0.637602593733047,72.1496459696778,76.6980978994004,4.54845192972259,145.692686227097
"474","1429","1450",0.448790433464168,0.551209566535832,67.2805892363404,67.108591792749,-0.171997443591361,134.106578284811
"475","1429","1462",0.492694414201072,0.507305585798928,70.910036101023,71.6105173942538,0.700481293230737,140.622506607342
"476","1433","1435",0.454192761294135,0.545807238705865,61.6540889707213,61.7696632239974,0.115574253275964,125.319630127205
"477","1433","1438",0.484356615841363,0.515643384158637,53.1901611179622,52.1897125761355,-1.00044854182687,110.860494297502
"478","1433","1448",0.255150890674351,0.744849109325649,66.1832914403472,71.9428894448062,5.75959800445896,137.10115556001
"479","1433","1450",0.329176535435147,0.670823464564853,61.3142347070099,62.3533833381549,1.03914863114498,125.515047617724
"480","1433","1462",0.369217035258774,0.630782964741226,64.9436815716925,66.8553089396597,1.9116273679671,132.030975940255
"481","1435","1438",0.588022646672045,0.411977353327955,56.7981910137995,55.8150837744858,-0.983107239313916,116.656849495082
"482","1435","1448",0.462709945352676,0.537290054647324,70.0612067550802,73.0865971044015,3.02539034932117,141.125142346934
"483","1435","1450",0.427142142798166,0.572857857201834,64.9222646028473,65.9787545365051,1.05648993365782,131.311402815304
"484","1435","1462",0.349625907826349,0.650374092173651,68.2818260486343,72.9623436767651,4.68051762813066,139.599699548491
"485","1438","1448",0.386139460799495,0.613860539200505,60.7576259346232,64.0593817379058,3.30175580328241,126.436090216339
"486","1438","1450",0.352594939247728,0.647405060752272,55.6186837823901,56.9515391700099,1.33285538761956,116.62235068471
"487","1438","1462",0.393811738318209,0.606188261681791,59.2481306470728,61.4534647715143,2.20533412444133,123.13827900724
"488","1448","1450",0.482237048927464,0.517762951072536,72.3031032214147,71.0538216592934,-1.24928156212124,141.292717696694
"489","1448","1462",0.526288959019638,0.473711040980362,75.9325500860973,75.5557472607982,-0.376802825299132,147.808646019225
"490","1450","1462",0.462086005610613,0.537913994389387,68.8836605007484,68.8824193249112,-0.00124117583737404,136.812595086082
